Sáb;13/03/2010;;;;;;;;;;;;;;;;;
Dom;14/03/2010;;;;;;;;;;;;;;;;;
Seg;15/03/2010;;;;;;;;;;;;;;;;;
Ter;16/03/2010;;;;;;;;;;;;;;;;;
Qua;17/03/2010;;;;;;;;;;;;;;;;;
Qui;18/03/2010;;;;;;;;;;;;;;;;;
Sex;19/03/2010;;;;;;;;;;;;;;;;;
Sáb;20/03/2010;;;;;;;;;;;;;;;;;
Soma;;;;;;;;;;;;;;;;;;
;;;;;;;;;;;;;;;;;;
Dom;21/03/2010;;;;;;;;;;;;;;;;;
Seg;22/03/2010;;;;;;;;;;;;;;;;;
Ter;23/03/2010;;;;;;;;;;;;;;;;;
Qua;24/03/2010;;;;;;;;;;;;;;;;;
Qui;25/03/2010;;;;;;;;;;;;;;;;;
Sex;26/03/2010;;;;;;;;;;;;;;;;;
Sáb;27/03/2010;;;;;;;;;;;;;;;;;
Dom;28/03/2010;;;;;;;;;;;;;;;;;
Seg;29/03/2010;;;;;;;;;;;;;;;;;
Ter;30/03/2010;;;;;;;;;;;;;;;;;
Qua;31/03/2010;;;;;;;;;;;;;;;;;
Qui;01/04/2010;;;;;;;;;;;;;;;;;
Sex;02/04/2010;feriado;;;;;;;;;;;;;;;;
Sáb;03/04/2010;;;;;;;;;;;;;;;;;
Dom;04/04/2010;;;;;;;;;;;;;;;;;
Seg;05/04/2010;;;;;;;;;;;;;;;;;
Ter;06/04/2010;;;;;;;;;;;;;;;;;
Qua;07/04/2010;;;;;;;;;;;;;;;;;
Qui;08/04/2010;;;;;;;;;;;;;;;;;
Sex;09/04/2010;;;;;;;;;;;;;;;;;
Sáb;10/04/2010;;;;;;;;;;;;;;;;;
Dom;11/04/2010;;;;;;;;;;;;;;;;;
Seg;12/04/2010;;;;;;;;;;;;;;;;;
Ter;13/04/2010;;;;;;;;;;;;;;;;;
Qua;14/04/2010;;;;;;;;;;;;;;;;;
Qui;15/04/2010;;;;;;;;;;;;;;;;;
Sex;16/04/2010;;;;;;;;;;;;;;;;;
Sáb;17/04/2010;;;;;;;;;;;;;;;;;
Dom;18/04/2010;;;;;;;;;;;;;;;;;
Seg;19/04/2010;;;;;;;;;;;;;;;;;
Ter;20/04/2010;;;;;;;;;;;;;;;;;
Soma;;;;;;;;;;;;;;;;;;
;;;;;;;;;;;;;;;;;;
Qua;21/04/2010;feriado;;;;;;;;;;;;;;;;
Qui;22/04/2010;;07:20;12:00;13:00;17:23;;;;;;;;;;;;
Sex;23/04/2010;;07:16;12:00;13:00;16:31;;;;;;;;;;;;
Sáb;24/04/2010;;;;;;;;;;;;;;;;;
Dom;25/04/2010;;;;;;;;;;;;;;;;;
Seg;26/04/2010;;07:13;12:00;13:00;17:21;;;;;;;;;;;;
Ter;27/04/2010;;07:19;12:00;13:00;16:50;;;;;;;;;;;;
Qua;28/04/2010;;;;;;;;;;;;;;;;;
Qui;29/04/2010;;07:16;12:00;13:00;17:39;;;;;;;;;;;;
Sex;30/04/2010;;07:15;12:00;13:00;16:47;;;;;;;;;;;;
Sáb;01/05/2010;feriado;;;;;;;;;;;;;;;;
Dom;02/05/2010;;;;;;;;;;;;;;;;;
Seg;03/05/2010;;07:20;12:00;13:00;17:23;;;;;;;;;;;;
Ter;04/05/2010;;07:16;12:00;13:00;17:26;;;;;;;;;;;;
Qua;05/05/2010;;07:19;12:00;13:00;17:28;;;;;;;;;;;;
Qui;06/05/2010;;07:15;12:00;13:00;17:24;;;;;;;;;;;;
Sex;07/05/2010;;07:13;12:00;13:00;17:41;;;;;;;;;;;;
Sáb;08/05/2010;;09:35;12:00;13:00;16:20;;;;;;;;;;;;
Dom;09/05/2010;;;;;;;;;;;;;;;;;
Seg;10/05/2010;;07:15;12:00;13:00;17:27;;;;;;;;;;;;
Ter;11/05/2010;;07:21;12:00;13:00;17:44;;;;;;;;;;;;
Qua;12/05/2010;;07:20;12:00;13:00;17:22;;;;;;;;;;;;
Qui;13/05/2010;;07:20;12:00;13:00;17:43;;;;;;;;;;;;
Sex;14/05/2010;;07:18;12:00;13:00;16:34;;;;;;;;;;;;
Sáb;15/05/2010;;;;;;;;;;;;;;;;;
Dom;16/05/2010;;;;;;;;;;;;;;;;;
Seg;17/05/2010;;07:13;12:00;13:00;17:24;;;;;;;;;;;;
Ter;18/05/2010;;07:15;12:00;13:00;17:40;;;;;;;;;;;;
Qua;19/05/2010;;07:22;12:00;13:00;17:32;;;;;;;;;;;;
Qui;20/05/2010;;07:19;12:00;13:00;17:22;;;;;;;;;;;;
Soma;;;;;;;;;;;;;;;;;;
;;;;;;;;;;;;;;;;;;
Sex;21/05/2010;;07:19;12:00;13:00;16:19;;;;;;;;;;;;
Sáb;22/05/2010;;;;;;;;;;;;;;;;;
Dom;23/05/2010;;;;;;;;;;;;;;;;;
Seg;24/05/2010;;07:13;12:00;13:00;17:31;;;;;;;;;;;;
Ter;25/05/2010;;07:18;12:00;13:00;17:35;;;;;;;;;;;;
Qua;26/05/2010;feriado;;;;;;;;;;;;;;;;
Qui;27/05/2010;;07:15;12:00;13:00;17:37;;;;;;;;;;;;
Sex;28/05/2010;;07:20;12:00;13:00;16:17;;;;;;;;;;;;
Sáb;29/05/2010;;;;;;;;;;;;;;;;;
Dom;30/05/2010;;;;;;;;;;;;;;;;;
Seg;31/05/2010;;07:22;12:00;13:00;17:39;;;;;;;;;;;;
Ter;01/06/2010;;07:20;12:00;13:00;17:28;;;;;;;;;;;;
Qua;02/06/2010;;07:22;11:58;;;;;;;;;;;;;;
Qui;03/06/2010;feriado;;;;;;;;;;;;;;;;
Sex;04/06/2010;;;;;;;;;;;;;;;;;
Sáb;05/06/2010;;;;;;;;;;;;;;;;;
Dom;06/06/2010;;;;;;;;;;;;;;;;;
Seg;07/06/2010;;12:44;17:18;;;;;;;;;;;;;;
Ter;08/06/2010;;07:22;12:00;13:00;17:24;;;;;;;;;;;;
Qua;09/06/2010;;07:17;12:00;13:00;17:34;;;;;;;;;;;;
Qui;10/06/2010;;07:20;12:00;13:00;17:24;;;;;;;;;;;;
Sex;11/06/2010;;07:16;12:00;13:00;16:20;;;;;;;;;;;;
Sáb;12/06/2010;;;;;;;;;;;;;;;;;
Dom;13/06/2010;;;;;;;;;;;;;;;;;
Seg;14/06/2010;;07:18;12:00;13:00;17:19;;;;;;;;;;;;
Ter;15/06/2010;;07:19;13:16;;;;;;;;;;;;;;
Qua;16/06/2010;;07:17;12:00;13:00;17:23;;;;;;;;;;;;
Qui;17/06/2010;;07:21;12:00;13:00;17:16;;;;;;;;;;;;
Sex;18/06/2010;;07:11;12:00;13:00;16:27;;;;;;;;;;;;
Sáb;19/06/2010;;08:58;12:00;13:00;16:09;;;;;;;;;;;;
Dom;20/06/2010;;;;;;;;;;;;;;;;;
Soma;;;;;;;;;;;;;;;;;;
;;;;;;;;;;;;;;;;;;
Seg;21/06/2010;;07:16;12:00;13:00;17:20;;;;;;;;;;;;
Ter;22/06/2010;;07:19;12:00;13:00;17:21;;;;;;;;;;;;
Qua;23/06/2010;;07:17;12:00;13:00;17:25;;;;;;;;;;;;
Qui;24/06/2010;;07:21;12:00;13:00;17:18;;;;;;;;;;;;
Sex;25/06/2010;;07:17;12:00;;;;;;;;;;;;;;
Sáb;26/06/2010;;;;;;;;;;;;;;;;;
Dom;27/06/2010;;;;;;;;;;;;;;;;;
Seg;28/06/2010;;07:18;13:17;;;;;;;;;;;;;;
Ter;29/06/2010;;13:00;17:19;;;;;;;;;;;;;;
Qua;30/06/2010;;07:16;12:00;13:00;17:21;;;;;;;;;;;;
Qui;01/07/2010;;07:20;12:00;13:00;17:17;;;;;;;;;;;;
Sex;02/07/2010;;08:46;12:00;13:00;16:21;;;;;;;;;;;;
Sáb;03/07/2010;;;;;;;;;;;;;;;;;
Dom;04/07/2010;;;;;;;;;;;;;;;;;
Seg;05/07/2010;;07:19;12:00;13:00;17:15;;;;;;;;;;;;
Ter;06/07/2010;;07:24;12:00;13:00;15:14;;;;;;;;;;;;
Qua;07/07/2010;;07:18;12:00;13:00;17:35;;;;;;;;;;;;
Qui;08/07/2010;;07:20;12:00;13:00;17:16;;;;;;;;;;;;
Sex;09/07/2010;;07:26;12:00;13:00;16:24;;;;;;;;;;;;
Sáb;10/07/2010;;;;;;;;;;;;;;;;;
Dom;11/07/2010;;;;;;;;;;;;;;;;;
Seg;12/07/2010;;07:16;12:00;13:00;17:17;;;;;;;;;;;;
Ter;13/07/2010;;07:21;12:00;13:00;17:53;;;;;;;;;;;;
Qua;14/07/2010;;07:18;12:00;13:00;17:39;;;;;;;;;;;;
Qui;15/07/2010;;07:23;12:00;13:00;17:43;;;;;;;;;;;;
Sex;16/07/2010;;07:22;12:00;13:00;16:24;;;;;;;;;;;;
Sáb;17/07/2010;;;;;;;;;;;;;;;;;
Dom;18/07/2010;;;;;;;;;;;;;;;;;
Seg;19/07/2010;;07:16;12:00;13:00;17:17;;;;;;;;;;;;
Ter;20/07/2010;;07:12;12:00;13:00;18:13;;;;;;;;;;;;
Soma;;;;;;;;;;;;;;;;;;
;;;;;;;;;;;;;;;;;;
Qua;21/07/2010;;07:19;12:00;13:00;17:45;;;;;;;;;;;;
Qui;22/07/2010;;07:22;12:00;13:00;17:24;;;;;;;;;;;;
Sex;23/07/2010;;;;;;;;;;;;;;;;;
Sáb;24/07/2010;;;;;;;;;;;;;;;;;
Dom;25/07/2010;;;;;;;;;;;;;;;;;
Seg;26/07/2010;;07:12;12:00;13:00;17:19;;;;;;;;;;;;
Ter;27/07/2010;;07:25;12:00;13:00;17:48;;;;;;;;;;;;
Qua;28/07/2010;;07:19;12:00;13:00;17:26;;;;;;;;;;;;
Qui;29/07/2010;;07:19;12:00;13:00;17:36;;;;;;;;;;;;
Sex;30/07/2010;;07:18;12:00;13:00;16:41;;;;;;;;;;;;
Sáb;31/07/2010;;;;;;;;;;;;;;;;;
Dom;01/08/2010;;;;;;;;;;;;;;;;;
Seg;02/08/2010;;07:19;12:00;13:00;17:20;;;;;;;;;;;;
Ter;03/08/2010;;07:17;12:00;13:00;17:46;;;;;;;;;;;;
Qua;04/08/2010;;07:20;12:00;13:00;17:22;;;;;;;;;;;;
Qui;05/08/2010;;07:24;12:00;13:00;17:45;;;;;;;;;;;;
Sex;06/08/2010;;07:21;12:00;13:00;16:33;;;;;;;;;;;;
Sáb;07/08/2010;;;;;;;;;;;;;;;;;
Dom;08/08/2010;;;;;;;;;;;;;;;;;
Seg;09/08/2010;;07:11;12:00;13:00;17:21;;;;;;;;;;;;
Ter;10/08/2010;;07:15;12:00;13:00;17:21;;;;;;;;;;;;
Qua;11/08/2010;;07:20;12:00;13:00;17:21;;;;;;;;;;;;
Qui;12/08/2010;;11:45;12:00;13:00;17:17;;;;;;;;;;;;
Sex;13/08/2010;;07:15;12:00;13:00;16:21;;;;;;;;;;;;
Sáb;14/08/2010;;;;;;;;;;;;;;;;;
Dom;15/08/2010;;;;;;;;;;;;;;;;;
Seg;16/08/2010;;07:14;12:00;13:00;17:19;;;;;;;;;;;;
Ter;17/08/2010;;07:15;12:00;13:00;17:25;;;;;;;;;;;;
Qua;18/08/2010;;07:20;12:00;13:00;17:17;;;;;;;;;;;;
Qui;19/08/2010;;07:21;12:00;13:00;17:36;;;;;;;;;;;;
Sex;20/08/2010;;07:13;12:00;13:00;16:34;;;;;;;;;;;;
Soma;;;;;;;;;;;;;;;;;;
;;;;;;;;;;;;;;;;;;
Sáb;21/08/2010;;;;;;;;;;;;;;;;;
Dom;22/08/2010;;;;;;;;;;;;;;;;;
Seg;23/08/2010;;07:16;12:00;13:00;17:28;;;;;;;;;;;;
Ter;24/08/2010;;07:21;12:00;13:00;17:20;;;;;;;;;;;;
Qua;25/08/2010;;07:23;12:00;13:00;17:22;;;;;;;;;;;;
Qui;26/08/2010;;07:16;12:00;13:00;17:21;;;;;;;;;;;;
Sex;27/08/2010;;07:17;12:00;13:00;16:26;;;;;;;;;;;;
Sáb;28/08/2010;;;;;;;;;;;;;;;;;
Dom;29/08/2010;;;;;;;;;;;;;;;;;
Seg;30/08/2010;;07:13;12:00;13:00;17:28;;;;;;;;;;;;
Ter;31/08/2010;;07:10;09:20;10:04;12:00;13:00;17:24;;;;;;;;;;
Qua;01/09/2010;;07:15;12:00;13:00;18:00;;;;;;;;;;;;
Qui;02/09/2010;;07:20;12:00;13:00;17:16;;;;;;;;;;;;
Sex;03/09/2010;;07:16;08:32;;;;;;;;;;;;;;
Sáb;04/09/2010;atestado;;;;;;;;;;;;;;;;
Dom;05/09/2010;;;;;;;;;;;;;;;;;
Seg;06/09/2010;falta;;;;;;;;;;;;;;;;
Ter;07/09/2010;feriado;;;;;;;;;;;;;;;;
Qua;08/09/2010;;07:10;12:00;13:00;17:35;;;;;;;;;;;;
Qui;09/09/2010;;07:25;12:00;13:00;17:15;;;;;;;;;;;;
Sex;10/09/2010;;07:15;12:00;13:00;16:52;;;;;;;;;;;;
Sáb;11/09/2010;;07:10;11:52;12:57;16:31;;;;;;;;;;;;
Dom;12/09/2010;;;;;;;;;;;;;;;;;
Seg;13/09/2010;;07:14;12:00;13:00;19:34;;;;;;;;;;;;
Ter;14/09/2010;;07:12;12:00;13:00;17:27;;;;;;;;;;;;
Qua;15/09/2010;;07:16;12:00;13:00;17:59;;;;;;;;;;;;
Qui;16/09/2010;;07:17;12:00;13:00;17:17;;;;;;;;;;;;
Sex;17/09/2010;;07:13;12:00;13:00;16:37;;;;;;;;;;;;
Sáb;18/09/2010;;;;;;;;;;;;;;;;;
Dom;19/09/2010;;;;;;;;;;;;;;;;;
Seg;20/09/2010;feriado;;;;;;;;;;;;;;;;
Soma;;;;;;;;;;;;;;;;;;
;;;;;;;;;;;;;;;;;;
Ter;21/09/2010;;07:14;12:00;13:00;17:55;;;;;;;;;;;;
Qua;22/09/2010;;07:17;12:00;13:00;17:29;;;;;;;;;;;;
Qui;23/09/2010;;07:14;12:00;13:00;17:34;;;;;;;;;;;;
Sex;24/09/2010;;07:16;12:00;13:00;17:07;;;;;;;;;;;;
Sáb;25/09/2010;;07:23;11:57;12:45;16:40;;;;;;;;;;;;
Dom;26/09/2010;;;;;;;;;;;;;;;;;
Seg;27/09/2010;;07:16;12:00;13:00;17:53;;;;;;;;;;;;
Ter;28/09/2010;;07:17;12:00;13:00;17:51;;;;;;;;;;;;
Qua;29/09/2010;;12:56;19:00;20:00;22:58;;;;;;;;;;;;
Qui;30/09/2010;;07:20;12:00;13:00;17:16;;;;;;;;;;;;
Sex;01/10/2010;;07:18;12:00;13:00;17:14;;;;;;;;;;;;
Sáb;02/10/2010;;;;;;;;;;;;;;;;;
Dom;03/10/2010;;;;;;;;;;;;;;;;;
Seg;04/10/2010;;07:16;12:00;13:00;17:18;;;;;;;;;;;;
Ter;05/10/2010;;07:18;12:00;13:00;17:54;;;;;;;;;;;;
Qua;06/10/2010;;07:19;12:00;13:00;17:21;;;;;;;;;;;;
Qui;07/10/2010;;07:19;12:00;13:00;17:16;;;;;;;;;;;;
Sex;08/10/2010;;07:16;12:00;13:00;17:01;;;;;;;;;;;;
Sáb;09/10/2010;;;;;;;;;;;;;;;;;
Dom;10/10/2010;;;;;;;;;;;;;;;;;
Seg;11/10/2010;;07:12;12:00;13:00;17:13;;;;;;;;;;;;
Ter;12/10/2010;feriado;;;;;;;;;;;;;;;;
Qua;13/10/2010;;07:16;12:00;13:00;17:43;;;;;;;;;;;;
Qui;14/10/2010;;07:18;12:00;13:00;17:23;;;;;;;;;;;;
Sex;15/10/2010;;07:12;12:00;13:00;17:58;;;;;;;;;;;;
Sáb;16/10/2010;;;;;;;;;;;;;;;;;
Dom;17/10/2010;;;;;;;;;;;;;;;;;
Seg;18/10/2010;;13:00;17:44;;;;;;;;;;;;;;
Ter;19/10/2010;;07:19;12:00;13:00;17:25;;;;;;;;;;;;
Qua;20/10/2010;;07:16;12:00;13:00;17:48;;;;;;;;;;;;
Soma;;;;;;;;;;;;;;;;;;
;;;;;;;;;;;;;;;;;;
Qui;21/10/2010;;07:22;12:00;13:00;17:15;;;;;;;;;;;;
Sex;22/10/2010;;07:26;12:00;13:00;17:26;;;;;;;;;;;;
Sáb;23/10/2010;;;;;;;;;;;;;;;;;
Dom;24/10/2010;;;;;;;;;;;;;;;;;
Seg;25/10/2010;;07:15;12:00;13:00;17:29;;;;;;;;;;;;
Ter;26/10/2010;;07:17;12:00;13:00;17:38;;;;;;;;;;;;
Qua;27/10/2010;;07:13;12:00;13:00;17:34;;;;;;;;;;;;
Qui;28/10/2010;;07:25;12:00;13:00;17:17;;;;;;;;;;;;
Sex;29/10/2010;;07:18;12:00;13:00;16:23;;;;;;;;;;;;
Sáb;30/10/2010;;;;;;;;;;;;;;;;;
Dom;31/10/2010;;;;;;;;;;;;;;;;;
Seg;01/11/2010;;;;;;;;;;;;;;;;;
Ter;02/11/2010;feriado;;;;;;;;;;;;;;;;
Qua;03/11/2010;;07:11;12:00;13:00;17:22;;;;;;;;;;;;
Qui;04/11/2010;;07:20;12:00;13:00;17:15;;;;;;;;;;;;
Sex;05/11/2010;;07:23;12:00;13:00;16:22;;;;;;;;;;;;
Sáb;06/11/2010;;09:20;12:41;;;;;;;;;;;;;;
Dom;07/11/2010;;;;;;;;;;;;;;;;;
Seg;08/11/2010;;07:18;12:00;13:00;17:05;;;;;;;;;;;;
Ter;09/11/2010;;07:17;09:28;10:48;12:00;13:00;17:19;;;;;;;;;;
Qua;10/11/2010;;07:26;12:00;13:00;17:36;;;;;;;;;;;;
Qui;11/11/2010;;07:16;12:00;13:00;17:51;;;;;;;;;;;;
Sex;12/11/2010;;07:19;12:00;13:00;16:18;;;;;;;;;;;;
Sáb;13/11/2010;;;;;;;;;;;;;;;;;
Dom;14/11/2010;;;;;;;;;;;;;;;;;
Seg;15/11/2010;feriado;;;;;;;;;;;;;;;;
Ter;16/11/2010;;07:17;12:00;13:00;17:23;;;;;;;;;;;;
Qua;17/11/2010;;07:26;12:00;13:00;17:44;;;;;;;;;;;;
Qui;18/11/2010;;07:23;12:00;13:00;17:10;;;;;;;;;;;;
Sex;19/11/2010;;07:23;12:00;13:00;16:29;;;;;;;;;;;;
Sáb;20/11/2010;;09:22;12:13;;;;;;;;;;;;;;
Soma;;;;;;;;;;;;;;;;;;
;;;;;;;;;;;;;;;;;;
Dom;21/11/2010;;;;;;;;;;;;;;;;;
Seg;22/11/2010;;07:20;12:00;13:00;17:35;;;;;;;;;;;;
Ter;23/11/2010;;07:17;12:00;13:00;18:13;;;;;;;;;;;;
Qua;24/11/2010;;07:24;12:00;13:00;18:09;;;;;;;;;;;;
Qui;25/11/2010;;07:25;12:00;13:00;17:30;;;;;;;;;;;;
Sex;26/11/2010;;07:23;12:00;13:00;17:08;;;;;;;;;;;;
Sáb;27/11/2010;;07:28;12:00;13:00;17:20;;;;;;;;;;;;
Dom;28/11/2010;;;;;;;;;;;;;;;;;
Seg;29/11/2010;;07:33;12:00;13:00;16:43;;;;;;;;;;;;
Ter;30/11/2010;;07:37;12:00;13:00;17:52;;;;;;;;;;;;
Qua;01/12/2010;;07:14;12:00;13:00;17:53;;;;;;;;;;;;
Qui;02/12/2010;;07:17;12:00;13:00;17:17;;;;;;;;;;;;
Sex;03/12/2010;;07:22;12:00;13:00;16:42;;;;;;;;;;;;
Sáb;04/12/2010;;07:10;12:00;13:00;17:20;;;;;;;;;;;;
Dom;05/12/2010;;;;;;;;;;;;;;;;;
Seg;06/12/2010;;07:19;12:00;13:00;17:30;;;;;;;;;;;;
Ter;07/12/2010;;07:15;12:00;13:00;17:54;;;;;;;;;;;;
Qua;08/12/2010;;07:20;12:00;13:00;17:48;;;;;;;;;;;;
Qui;09/12/2010;;07:23;12:00;13:00;17:20;;;;;;;;;;;;
Sex;10/12/2010;;07:22;12:00;13:00;16:23;;;;;;;;;;;;
Sáb;11/12/2010;;;;;;;;;;;;;;;;;
Dom;12/12/2010;;;;;;;;;;;;;;;;;
Seg;13/12/2010;;07:18;12:00;13:00;17:51;;;;;;;;;;;;
Ter;14/12/2010;;07:24;12:00;13:00;17:29;;;;;;;;;;;;
Qua;15/12/2010;;07:23;12:00;13:00;17:15;;;;;;;;;;;;
Qui;16/12/2010;;07:26;12:00;13:00;17:15;;;;;;;;;;;;
Sex;17/12/2010;;07:21;12:00;13:00;16:30;;;;;;;;;;;;
Sáb;18/12/2010;;07:26;12:00;13:00;17:16;;;;;;;;;;;;
Dom;19/12/2010;;;;;;;;;;;;;;;;;
Seg;20/12/2010;;07:22;12:00;13:00;17:26;;;;;;;;;;;;
Soma;;;;;;;;;;;;;;;;;;
;;;;;;;;;;;;;;;;;;
Ter;21/12/2010;;07:16;12:00;13:00;17:28;;;;;;;;;;;;
Qua;22/12/2010;;07:21;12:00;13:00;13:12;;;;;;;;;;;;
Qui;23/12/2010;;07:22;12:00;13:00;17:13;;;;;;;;;;;;
Sex;24/12/2010;falta;;;;;;;;;;;;;;;;
Sáb;25/12/2010;feriado;;;;;;;;;;;;;;;;
Dom;26/12/2010;;;;;;;;;;;;;;;;;
Seg;27/12/2010;compens.;;;;;;;;;;;;;;;;
Ter;28/12/2010;compens.;;;;;;;;;;;;;;;;
Qua;29/12/2010;compens.;;;;;;;;;;;;;;;;
Qui;30/12/2010;compens.;;;;;;;;;;;;;;;;
Sex;31/12/2010;falta;;;;;;;;;;;;;;;;
Sáb;01/01/2011;feriado;;;;;;;;;;;;;;;;
Dom;02/01/2011;;;;;;;;;;;;;;;;;
Seg;03/01/2011;;07:14;12:00;13:00;17:50;;;;;;;;;;;;
Ter;04/01/2011;;07:23;12:00;13:00;17:46;;;;;;;;;;;;
Qua;05/01/2011;;07:18;12:00;13:00;17:57;;;;;;;;;;;;
Qui;06/01/2011;;07:19;12:00;13:00;17:43;;;;;;;;;;;;
Sex;07/01/2011;;07:24;12:00;13:00;16:21;;;;;;;;;;;;
Sáb;08/01/2011;;07:10;12:00;13:00;17:23;;;;;;;;;;;;
Dom;09/01/2011;;;;;;;;;;;;;;;;;
Seg;10/01/2011;;07:22;12:00;13:00;17:49;;;;;;;;;;;;
Ter;11/01/2011;;07:22;12:00;13:00;17:49;;;;;;;;;;;;
Qua;12/01/2011;;07:25;12:00;13:00;17:34;;;;;;;;;;;;
Qui;13/01/2011;;07:28;12:00;13:00;17:34;;;;;;;;;;;;
Sex;14/01/2011;;07:19;12:00;13:00;16:40;;;;;;;;;;;;
Sáb;15/01/2011;;;;;;;;;;;;;;;;;
Dom;16/01/2011;;;;;;;;;;;;;;;;;
Seg;17/01/2011;;07:16;12:00;13:00;20:18;;;;;;;;;;;;
Ter;18/01/2011;;07:15;12:00;13:00;17:47;;;;;;;;;;;;
Qua;19/01/2011;;07:27;12:00;13:00;17:37;;;;;;;;;;;;
Qui;20/01/2011;;07:18;12:00;;;;;;;;;;;;;;
Soma;;;;;;;;;;;;;;;;;;
;;;;;;;;;;;;;;;;;;
Sex;21/01/2011;;07:18;12:00;13:00;16:21;;;;;;;;;;;;
Sáb;22/01/2011;;;;;;;;;;;;;;;;;
Dom;23/01/2011;;;;;;;;;;;;;;;;;
Seg;24/01/2011;;07:12;12:00;13:00;17:35;;;;;;;;;;;;
Ter;25/01/2011;;07:10;12:00;13:00;18:45;;;;;;;;;;;;
Qua;26/01/2011;;07:16;12:00;13:00;17:36;;;;;;;;;;;;
Qui;27/01/2011;;07:22;12:00;13:00;19:13;;;;;;;;;;;;
Sex;28/01/2011;;07:22;12:00;13:00;16:19;;;;;;;;;;;;
Sáb;29/01/2011;;;;;;;;;;;;;;;;;
Dom;30/01/2011;;;;;;;;;;;;;;;;;
Seg;31/01/2011;;07:27;12:00;13:00;20:28;;;;;;;;;;;;
Ter;01/02/2011;;07:25;12:00;13:00;17:37;;;;;;;;;;;;
Qua;02/02/2011;;07:13;12:00;13:00;17:30;;;;;;;;;;;;
Qui;03/02/2011;;07:14;12:00;13:00;18:37;;;;;;;;;;;;
Sex;04/02/2011;;07:25;12:00;13:00;16:15;;;;;;;;;;;;
Sáb;05/02/2011;;;;;;;;;;;;;;;;;
Dom;06/02/2011;;;;;;;;;;;;;;;;;
Seg;07/02/2011;;07:26;12:00;13:00;17:15;;;;;;;;;;;;
Ter;08/02/2011;;07:18;12:00;13:00;18:10;;;;;;;;;;;;
Qua;09/02/2011;;07:22;12:00;13:00;17:45;;;;;;;;;;;;
Qui;10/02/2011;;07:21;12:00;13:00;17:38;;;;;;;;;;;;
Sex;11/02/2011;;07:25;12:00;13:00;16:23;;;;;;;;;;;;
Sáb;12/02/2011;;08:39;12:11;13:09;16:29;;;;;;;;;;;;
Dom;13/02/2011;;;;;;;;;;;;;;;;;
Seg;14/02/2011;;07:16;12:00;13:00;17:16;;;;;;;;;;;;
Ter;15/02/2011;;07:19;12:00;13:00;17:58;;;;;;;;;;;;
Qua;16/02/2011;;07:19;12:00;13:00;17:49;;;;;;;;;;;;
Qui;17/02/2011;;07:22;12:00;13:00;17:29;;;;;;;;;;;;
Sex;18/02/2011;;07:18;12:00;13:00;16:12;;;;;;;;;;;;
Sáb;19/02/2011;;07:30;12:53;13:45;15:44;;;;;;;;;;;;
Dom;20/02/2011;;;;;;;;;;;;;;;;;
Soma;;;;;;;;;;;;;;;;;;
;;;;;;;;;;;;;;;;;;
Seg;21/02/2011;;07:18;12:00;14:57;17:16;;;;;;;;;;;;
Ter;22/02/2011;;07:22;12:00;13:00;17:28;;;;;;;;;;;;
Qua;23/02/2011;;07:17;12:00;13:00;17:39;;;;;;;;;;;;
Qui;24/02/2011;;07:20;12:00;13:00;17:30;;;;;;;;;;;;
Sex;25/02/2011;;07:27;12:00;13:00;21:31;;;;;;;;;;;;
Sáb;26/02/2011;;06:36;11:56;12:47;17:28;;;;;;;;;;;;
Dom;27/02/2011;;08:48;13:00;14:14;23:18;;;;;;;;;;;;
Seg;28/02/2011;;07:18;12:00;13:00;17:24;;;;;;;;;;;;
Ter;01/03/2011;;07:18;12:00;13:00;18:31;;;;;;;;;;;;
Qua;02/03/2011;;07:28;12:00;13:00;18:07;;;;;;;;;;;;
Qui;03/03/2011;;07:15;12:00;13:00;17:30;;;;;;;;;;;;
Sex;04/03/2011;;07:02;12:00;13:00;16:40;;;;;;;;;;;;
Sáb;05/03/2011;;;;;;;;;;;;;;;;;
Dom;06/03/2011;;;;;;;;;;;;;;;;;
Seg;07/03/2011;ferias;;;;;;;;;;;;;;;;
Ter;08/03/2011;ferias;;;;;;;;;;;;;;;;
Qua;09/03/2011;ferias;;;;;;;;;;;;;;;;
Qui;10/03/2011;ferias;;;;;;;;;;;;;;;;
Sex;11/03/2011;ferias;;;;;;;;;;;;;;;;
Sáb;12/03/2011;ferias;;;;;;;;;;;;;;;;
Dom;13/03/2011;ferias;;;;;;;;;;;;;;;;
Seg;14/03/2011;ferias;;;;;;;;;;;;;;;;
Ter;15/03/2011;ferias;;;;;;;;;;;;;;;;
Qua;16/03/2011;ferias;;;;;;;;;#REF!;;;;;;;
Qui;17/03/2011;ferias;;;;;;;;;#REF!;;;;;;;
Sex;18/03/2011;ferias;;;;;;;;;;;;;;;;
Sáb;19/03/2011;ferias;;;;;;;;;;;;;;;;
Dom;20/03/2011;ferias;;;;;;;;;;;;;;;;
Soma;;;;;;;;;;;;;;;;;;
;;;;;;;;;;;;;;;;;;
Seg;21/03/2011;ferias;;;;;;;;;;;;;;;;
Ter;22/03/2011;ferias;;;;;;;;;;;;;;;;
Qua;23/03/2011;ferias;;;;;;;;;;;;;;;;
Qui;24/03/2011;ferias;;;;;;;;;;;;;;;;
Sex;25/03/2011;ferias;;;;;;;;;;;;;;;;
Sáb;26/03/2011;ferias;;;;;;;;;;;;;;;;
Dom;27/03/2011;ferias;;;;;;;;;;;;;;;;
Seg;28/03/2011;ferias;;;;;;;;;;;;;;;;
Ter;29/03/2011;ferias;;;;;;;;;;;;;;;;
Qua;30/03/2011;ferias;;;;;;;;;;;;;;;;
Qui;31/03/2011;ferias;;;;;;;;;;;;;;;;
Sex;01/04/2011;ferias;;;;;;;;;;;;;;;;
Sáb;02/04/2011;ferias;;;;;;;;;;;;;;;;
Dom;03/04/2011;ferias;;;;;;;;;;;;;;;;
Seg;04/04/2011;ferias;;;;;;;;;;;;;;;;
Ter;05/04/2011;ferias;;;;;;;;;;;;;;;;
Qua;06/04/2011;;07:13;12:00;13:00;18:07;;;;;;;;;;;;
Qui;07/04/2011;;07:15;12:00;13:00;17:57;;;;;;;;;;;;
Sex;08/04/2011;;07:11;12:00;13:00;16:13;;;;;;;;;;;;
Sáb;09/04/2011;;;;;;;;;;;;;;;;;
Dom;10/04/2011;;;;;;;;;;;;;;;;;
Seg;11/04/2011;;07:17;12:00;13:00;17:47;;;;;;;;;;;;
Ter;12/04/2011;;07:22;12:00;13:00;17:50;;;;;;;;;;;;
Qua;13/04/2011;;07:20;12:00;13:00;17:40;;;;;;;;;;;;
Qui;14/04/2011;;07:22;12:00;13:00;18:01;;;;;;;;;;;;
Sex;15/04/2011;;07:19;12:00;13:00;16:18;;;;;;;;;;;;
Sáb;16/04/2011;;;;;;;;;;;;;;;;;
Dom;17/04/2011;;;;;;;;;;;;;;;;;
Seg;18/04/2011;;07:15;12:00;13:00;17:52;;;;;;;;;;;;
Ter;19/04/2011;;07:16;12:00;13:00;17:20;;;;;;;;;;;;
Qua;20/04/2011;;07:16;12:00;;;;;;;;;;;;;;
Soma;;;;;;;;;;;;;;;;;;
;;;;;;;;;;;;;;;;;;
Qui;21/04/2011;feriado;;;;;;;;;;;;;;;;
Sex;22/04/2011;feriado;;;;;;;;;;;;;;;;
Sáb;23/04/2011;;;;;;;;;;;;;;;;;
Dom;24/04/2011;;;;;;;;;;;;;;;;;
Seg;25/04/2011;;10:21;12:00;13:00;17:44;;;;;;;;;;;;
Ter;26/04/2011;;07:21;12:00;13:00;17:22;;;;;;;;;;;;
Qua;27/04/2011;;07:22;12:00;13:00;18:08;;;;;;;;;;;;
Qui;28/04/2011;;07:20;12:00;13:00;17:55;;;;;;;;;;;;
Sex;29/04/2011;;07:22;12:00;13:00;16:15;;;;;;;;;;;;
Sáb;30/04/2011;;;;;;;;;;;;;;;;;
Dom;01/05/2011;feriado;;;;;;;;;;;;;;;;
Seg;02/05/2011;;07:22;12:00;13:00;17:37;;;;;;;;;;;;
Ter;03/05/2011;;07:26;12:00;13:00;17:49;;;;;;;;;;;;
Qua;04/05/2011;;07:20;12:00;13:00;18:02;;;;;;;;;;;;
Qui;05/05/2011;;07:19;12:00;13:00;17:22;;;;;;;;;;;;
Sex;06/05/2011;;07:28;12:00;13:00;16:30;;;;;;;;;;;;
Sáb;07/05/2011;;;;;;;;;;;;;;;;;
Dom;08/05/2011;;;;;;;;;;;;;;;;;
Seg;09/05/2011;;07:18;12:00;13:00;17:54;;;;;;;;;;;;
Ter;10/05/2011;;07:25;12:00;13:00;17:41;;;;;;;;;;;;
Qua;11/05/2011;;07:22;12:00;13:00;17:18;;;;;;;;;;;;
Qui;12/05/2011;;07:32;12:00;13:00;17:49;;;;;;;;;;;;
Sex;13/05/2011;;07:32;12:00;13:00;16:13;;;;;;;;;;;;
Sáb;14/05/2011;;;;;;;;;;;;;;;;;
Dom;15/05/2011;;;;;;;;;;;;;;;;;
Seg;16/05/2011;;07:25;12:00;13:00;17:41;;;;;;;;;;;;
Ter;17/05/2011;;07:30;12:00;13:00;17:38;;;;;;;;;;;;
Qua;18/05/2011;;08:40;12:00;13:00;18:00;;;;;;;;;;;;
Qui;19/05/2011;;07:34;12:00;13:00;17:53;;;;;;;;;;;;
Sex;20/05/2011;;07:31;12:00;13:00;16:15;;;;;;;;;;;;
Soma;;;;;;;;;;;;;;;;;;
;;;;;;;;;;;;;;;;;;
Sáb;21/05/2011;;;;;;;;;;;;;;;;;
Dom;22/05/2011;;;;;;;;;;;;;;;;;
Seg;23/05/2011;;07:21;12:00;13:00;17:50;;;;;;;;;;;;
Ter;24/05/2011;;07:28;12:00;13:00;17:52;;;;;;;;;;;;
Qua;25/05/2011;;07:33;12:00;13:00;17:24;;;;;;;;;;;;
Qui;26/05/2011;feriado;;;;;;;;;;;;;;;;
Sex;27/05/2011;falta;;;;;;;;;;;;;;;;
Sáb;28/05/2011;;;;;;;;;;;;;;;;;
Dom;29/05/2011;;;;;;;;;;;;;;;;;
Seg;30/05/2011;;07:32;12:00;13:00;17:46;;;;;;;;;;;;
Ter;31/05/2011;;07:31;12:00;13:00;13:13;14:25;17:27;;;;;;;;;;
Qua;01/06/2011;;07:24;12:00;13:00;18:06;;;;;;;;;;;;
Qui;02/06/2011;;07:29;12:00;13:00;18:02;;;;;;;;;;;;
Sex;03/06/2011;;07:31;12:00;13:00;16:16;;;;;;;;;;;;
Sáb;04/06/2011;;;;;;;;;;;;;;;;;
Dom;05/06/2011;;;;;;;;;;;;;;;;;
Seg;06/06/2011;;07:36;12:00;13:00;14:09;15:24;17:46;;;;;;;;;;
Ter;07/06/2011;;07:37;12:56;15:08;17:52;;;;;;;;;;;;
Qua;08/06/2011;;07:39;12:00;13:00;17:41;;;;;;;;;;;;
Qui;09/06/2011;;07:24;12:00;13:00;18:05;;;;;;;;;;;;
Sex;10/06/2011;;07:34;12:00;13:00;16:20;;;;;;;;;;;;
Sáb;11/06/2011;;;;;;;;;;;;;;;;;
Dom;12/06/2011;;;;;;;;;;;;;;;;;
Seg;13/06/2011;;07:30;12:00;13:00;17:31;;;;;;;;;;;;
Ter;14/06/2011;;07:36;12:00;13:00;18:20;;;;;;;;;;;;
Qua;15/06/2011;;07:36;12:00;13:00;17:17;;;;;;;;;;;;
Qui;16/06/2011;;07:35;12:00;13:00;17:13;;;;;;;;;;;;
Sex;17/06/2011;;07:22;12:00;13:00;16:23;;;;;;;;;;;;
Sáb;18/06/2011;;;;;;;;;;;;;;;;;
Dom;19/06/2011;;;;;;;;;;;;;;;;;
Seg;20/06/2011;;07:33;12:00;13:00;17:16;;;;;;;;;;;;
Soma;;;;;;;;;;;;;;;;;;
;;;;;;;;;;;;;;;;;;
Ter;21/06/2011;;07:41;12:00;13:00;18:25;;;;;;;;;;;;
Qua;22/06/2011;;07:36;12:00;13:00;17:36;;;;;;;;;;;;
Qui;23/06/2011;feriado;;;;;;;;;;;;;;;;
Sex;24/06/2011;falta;;;;;;;;;;;;;;;;
Sáb;25/06/2011;;;;;;;;;;;;;;;;;
Dom;26/06/2011;;;;;;;;;;;;;;;;;
Seg;27/06/2011;;07:33;12:00;13:00;17:35;;;;;;;;;;;;
Ter;28/06/2011;;07:40;12:00;13:00;17:35;;;;;;;;;;;;
Qua;29/06/2011;;07:44;12:00;13:00;18:19;;;;;;;;;;;;
Qui;30/06/2011;;07:42;12:00;13:00;17:49;;;;;;;;;;;;
Sex;01/07/2011;;07:52;12:00;13:00;16:17;;;;;;;;;;;;
Sáb;02/07/2011;;;;;;;;;;;;;;;;;
Dom;03/07/2011;;;;;;;;;;;;;;;;;
Seg;04/07/2011;;07:31;12:00;13:00;17:58;;;;;;;;;;;;
Ter;05/07/2011;;07:36;12:00;13:00;17:38;;;;;;;;;;;;
Qua;06/07/2011;;07:26;12:00;13:00;18:22;;;;;;;;;;;;
Qui;07/07/2011;;07:45;12:00;13:00;17:49;;;;;;;;;;;;
Sex;08/07/2011;;08:01;12:00;13:00;16:12;;;;;;;;;;;;
Sáb;09/07/2011;;08:59;12:01;13:00;17:02;;;;;;;;;;;;
Dom;10/07/2011;;;;;;;;;;;;;;;;;
Seg;11/07/2011;;08:02;12:00;13:00;17:32;;;;;;;;;;;;
Ter;12/07/2011;;07:58;12:00;13:00;17:52;;;;;;;;;;;;
Qua;13/07/2011;;07:57;12:00;13:00;17:20;;;;;;;;;;;;
Qui;14/07/2011;;08:03;12:00;13:00;17:57;;;;;;;;;;;;
Sex;15/07/2011;;;;;;;;;;;;;;;;;
Sáb;16/07/2011;;;;;;;;;;;;;;;;;
Dom;17/07/2011;;;;;;;;;;;;;;;;;
Seg;18/07/2011;;07:15;12:00;13:00;17:57;;;;;;;;;;;;
Ter;19/07/2011;;07:53;12:00;13:00;18:31;;;;;;;;;;;;
Qua;20/07/2011;;07:34;12:00;13:00;17:15;;;;;;;;;;;;
Soma;;;;;;;;;;;;;;;;;;
;;;;;;;;;;;;;;;;;;
Qui;21/07/2011;;07:31;12:00;13:00;17:48;;;;;;;;;;;;
Sex;22/07/2011;;07:37;12:00;;;;;;;;;;;;;;
Sáb;23/07/2011;;;;;;;;;;;;;;;;;
Dom;24/07/2011;;;;;;;;;;;;;;;;;
Seg;25/07/2011;;07:28;12:00;13:00;17:45;;;;;;;;;;;;
Ter;26/07/2011;;07:38;12:00;13:00;19:20;;;;;;;;;;;;
Qua;27/07/2011;;07:54;12:00;13:00;17:47;;;;;;;;;;;;
Qui;28/07/2011;;08:58;12:00;13:00;18:07;;;;;;;;;;;;
Sex;29/07/2011;;07:42;12:00;13:00;16:16;;;;;;;;;;;;
Sáb;30/07/2011;;;;;;;;;;;;;;;;;
Dom;31/07/2011;;;;;;;;;;;;;;;;;
Seg;01/08/2011;;07:23;12:00;13:00;17:52;;;;;;;;;;;;
Ter;02/08/2011;;07:52;12:00;13:00;18:33;;;;;;;;;;;;
Qua;03/08/2011;;08:35;12:00;13:00;17:20;;;;;;;;;;;;
Qui;04/08/2011;;07:38;12:00;13:00;17:28;;;;;;;;;;;;
Sex;05/08/2011;;07:21;12:00;13:00;16:24;;;;;;;;;;;;
Sáb;06/08/2011;;;;;;;;;;;;;;;;;
Dom;07/08/2011;;;;;;;;;;;;;;;;;
Seg;08/08/2011;;07:38;12:00;13:00;17:22;;;;;;;;;;;;
Ter;09/08/2011;;07:42;12:00;13:00;17:37;;;;;;;;;;;;
Qua;10/08/2011;;07:51;12:00;13:00;17:43;;;;;;;;;;;;
Qui;11/08/2011;;07:24;12:00;13:00;18:00;;;;;;;;;;;;
Sex;12/08/2011;;07:30;12:00;13:00;16:19;;;;;;;;;;;;
Sáb;13/08/2011;;;;;;;;;;;;;;;;;
Dom;14/08/2011;;;;;;;;;;;;;;;;;
Seg;15/08/2011;;07:24;12:00;13:00;17:14;;;;;;;;;;;;
Ter;16/08/2011;;07:25;12:00;13:00;17:29;;;;;;;;;;;;
Qua;17/08/2011;;07:26;12:00;13:00;17:13;;;;;;;;;;;;
Qui;18/08/2011;;07:25;12:00;13:00;17:20;;;;;;;;;;;;
Sex;19/08/2011;;07:30;12:00;13:00;17:04;;;;;;;;;;;;
Sáb;20/08/2011;;;;;;;;;;;;;;;;;
Soma;;;;;;;;;;;;;;;;;;
;;;;;;;;;;;;;;;;;;
Dom;21/08/2011;;;;;;;;;;;;;;;;;
Seg;22/08/2011;;07:28;12:00;13:00;18:15;;;;;;;;;;;;
Ter;23/08/2011;;07:48;12:00;13:00;17:40;;;;;;;;;;;;
Qua;24/08/2011;;07:33;12:00;13:00;15:50;;;;;;;;;;;;
Qui;25/08/2011;;07:40;12:00;13:00;18:32;;;;;;;;;;;;
Sex;26/08/2011;;07:43;12:00;13:00;16:14;;;;;;;;;;;;
Sáb;27/08/2011;;06:11;13:14;;;;;;;;;;;;;;
Dom;28/08/2011;;;;;;;;;;;;;;;;;
Seg;29/08/2011;;07:59;12:00;13:00;18:01;;;;;;;;;;;;
Ter;30/08/2011;;07:55;12:00;13:00;17:59;;;;;;;;;;;;
Qua;31/08/2011;;07:42;12:00;13:00;17:28;;;;;;;;;;;;
Qui;01/09/2011;;07:58;12:00;13:00;18:33;;;;;;;;;;;;
Sex;02/09/2011;;08:30;12:00;13:00;16:11;;;;;;;;;;;;
Sáb;03/09/2011;;;;;;;;;;;;;;;;;
Dom;04/09/2011;;;;;;;;;;;;;;;;;
Seg;05/09/2011;;07:57;12:00;13:00;18:41;;;;;;;;;;;;
Ter;06/09/2011;;07:47;12:00;13:00;17:25;;;;;;;;;;;;
Qua;07/09/2011;feriado;;;;;;;;;;;;;;;;
Qui;08/09/2011;;07:50;12:00;13:00;16:58;;;;;;;;;;;;
Sex;09/09/2011;;08:00;12:00;13:00;13:14;13:53;16:20;;;;;;;;;;
Sáb;10/09/2011;;;;;;;;;;;;;;;;;
Dom;11/09/2011;;;;;;;;;;;;;;;;;
Seg;12/09/2011;;08:00;12:00;13:00;18:39;;;;;;;;;;;;
Ter;13/09/2011;;07:58;12:00;13:00;14:40;;;;;;;;;;;;
Qua;14/09/2011;;08:05;12:00;13:00;17:59;;;;;;;;;;;;
Qui;15/09/2011;;07:23;12:00;13:00;17:48;;;;;;;;;;;;
Sex;16/09/2011;;08:03;12:00;13:00;16:30;;;;;;;;;;;;
Sáb;17/09/2011;;;;;;;;;;;;;;;;;
Dom;18/09/2011;;;;;;;;;;;;;;;;;
Seg;19/09/2011;;08:05;12:00;13:00;14:15;;;;;;;;;;;;
Ter;20/09/2011;feriado;;;;;;;;;;;;;;;;
Soma;;;;;;;;;;;;;;;;;;
;;;;;;;;;;;;;;;;;;
Qua;21/09/2011;;07:14;12:00;13:00;18:14;;;;;;;;;;;;
Qui;22/09/2011;;07:20;12:00;13:00;16:30;;;;;;;;;;;;
Sex;23/09/2011;;07:48;12:00;13:00;16:14;;;;;;;;;;;;
Sáb;24/09/2011;;;;;;;;;;;;;;;;;
Dom;25/09/2011;;;;;;;;;;;;;;;;;
Seg;26/09/2011;;07:15;12:00;13:00;17:37;;;;;;;;;;;;
Ter;27/09/2011;;07:27;12:00;13:00;17:38;;;;;;;;;;;;
Qua;28/09/2011;;07:32;12:00;13:00;17:37;;;;;;;;;;;;
Qui;29/09/2011;;07:50;12:00;13:00;18:00;;;;;;;;;;;;
Sex;30/09/2011;;07:57;12:00;13:00;16:15;;;;;;;;;;;;
Sáb;01/10/2011;;08:16;13:14;;;;;;;;;;;;;;
Dom;02/10/2011;;;;;;;;;;;;;;;;;
Seg;03/10/2011;;07:27;12:00;13:00;17:45;;;;;;;;;;;;
Ter;04/10/2011;;07:54;12:00;13:00;17:39;;;;;;;;;;;;
Qua;05/10/2011;;14:02;17:41;;;;;;;;;;;;;;
Qui;06/10/2011;;07:05;12:00;13:00;19:29;;;;;;;;;;;;
Sex;07/10/2011;;08:02;12:00;13:00;16:20;;;;;;;;;;;;
Sáb;08/10/2011;;08:15;13:19;;;;;;;;;;;;;;
Dom;09/10/2011;;;;;;;;;;;;;;;;;
Seg;10/10/2011;;08:05;12:00;13:00;18:15;;;;;;;;;;;;
Ter;11/10/2011;;07:29;12:00;13:00;17:50;;;;;;;;;;;;
Qua;12/10/2011;feriado;;;;;;;;;;;;;;;;
Qui;13/10/2011;;07:51;12:00;13:00;17:21;;;;;;;;;;;;
Sex;14/10/2011;;11:47;12:00;13:00;16:19;;;;;;;;;;;;
Sáb;15/10/2011;;;;;;;;;;;;;;;;;
Dom;16/10/2011;;;;;;;;;;;;;;;;;
Seg;17/10/2011;;07:51;12:00;13:00;17:49;;;;;;;;;;;;
Ter;18/10/2011;;07:54;12:00;13:00;17:48;;;;;;;;;;;;
Qua;19/10/2011;;08:02;12:00;13:00;18:43;;;;;;;;;;;;
Qui;20/10/2011;;08:04;12:00;13:00;17:41;;;;;;;;;;;;
Soma;;;;;;;;;;;;;;;;;;
;;;;;;;;;;;;;;;;;;
Sex;21/10/2011;;05:16;12:00;13:00;16:20;;;;;;;;;;;;
Sáb;22/10/2011;;05:55;13:00;;;;;;;;;;;;;;
Dom;23/10/2011;;;;;;;;;;;;;;;;;
Seg;24/10/2011;;05:01;12:00;13:00;18:32;;;;;;;;;;;;
Ter;25/10/2011;;05:03;12:00;13:00;18:16;;;;;;;;;;;;
Qua;26/10/2011;;07:55;12:00;13:00;18:49;;;;;;;;;;;;
Qui;27/10/2011;;05:00;12:00;13:00;18:08;;;;;;;;;;;;
Sex;28/10/2011;;05:03;12:00;13:00;16:15;;;;;;;;;;;;
Sáb;29/10/2011;;05:48;12:12;;;;;;;;;;;;;;
Dom;30/10/2011;;;;;;;;;;;;;;;;;
Seg;31/10/2011;;07:54;12:00;13:00;17:34;;;;;;;;;;;;
Ter;01/11/2011;;07:37;12:00;13:00;17:46;;;;;;;;;;;;
Qua;02/11/2011;feriado;;;;;;;;;;;;;;;;
Qui;03/11/2011;;07:51;12:00;13:00;17:31;;;;;;;;;;;;
Sex;04/11/2011;;07:40;12:00;13:00;17:12;;;;;;;;;;;;
Sáb;05/11/2011;;05:59;11:00;12:00;13:03;;;;;;;;;;;;
Dom;06/11/2011;;;;;;;;;;;;;;;;;
Seg;07/11/2011;;07:41;12:00;13:00;17:27;;;;;;;;;;;;
Ter;08/11/2011;;07:48;12:00;13:00;18:01;;;;;;;;;;;;
Qua;09/11/2011;;07:38;12:00;13:00;18:07;;;;;;;;;;;;
Qui;10/11/2011;;07:57;12:00;13:00;17:21;;;;;;;;;;;;
Sex;11/11/2011;;08:09;12:00;13:00;17:26;;;;;;;;;;;;
Sáb;12/11/2011;;;;;;;;;;;;;;;;;
Dom;13/11/2011;;;;;;;;;;;;;;;;;
Seg;14/11/2011;;07:49;12:00;13:00;18:45;;;;;;;;;;;;
Ter;15/11/2011;feriado;;;;;;;;;;;;;;;;
Qua;16/11/2011;;07:56;12:00;13:00;18:03;;;;;;;;;;;;
Qui;17/11/2011;;07:54;12:00;13:00;18:42;;;;;;;;;;;;
Sex;18/11/2011;;08:09;12:00;13:00;16:27;;;;;;;;;;;;
Sáb;19/11/2011;;;;;;;;;;;;;;;;;
Dom;20/11/2011;;;;;;;;;;;;;;;;;
Soma;;;;;;;;;;;;;;;;;;
;;;;;;;;;;;;;;;;;;
Seg;21/11/2011;;08:06;12:00;13:00;18:31;;;;;;;;;;;;
Ter;22/11/2011;;08:09;12:00;13:00;17:41;;;;;;;;;;;;
Qua;23/11/2011;;08:25;12:00;13:00;17:46;;;;;;;;;;;;
Qui;24/11/2011;;08:04;12:00;13:00;17:49;;;;;;;;;;;;
Sex;25/11/2011;;07:57;12:00;13:00;16:16;;;;;;;;;;;;
Sáb;26/11/2011;;;;;;;;;;;;;;;;;
Dom;27/11/2011;;;;;;;;;;;;;;;;;
Seg;28/11/2011;falta;;;;;;;;;;;;;;;;
Ter;29/11/2011;;07:18;12:00;13:00;17:40;;;;;;;;;;;;
Qua;30/11/2011;;07:50;12:00;13:00;17:47;;;;;;;;;;;;
Qui;01/12/2011;;08:04;12:00;13:00;17:42;;;;;;;;;;;;
Sex;02/12/2011;;07:47;12:00;13:00;17:15;;;;;;;;;;;;
Sáb;03/12/2011;;;;;;;;;;;;;;;;;
Dom;04/12/2011;;;;;;;;;;;;;;;;;
Seg;05/12/2011;;08:06;12:00;13:00;15:39;;;;;;;;;;;;
Ter;06/12/2011;;08:10;12:00;13:00;17:54;;;;;;;;;;;;
Qua;07/12/2011;;08:07;12:00;13:00;18:11;;;;;;;;;;;;
Qui;08/12/2011;;07:59;12:00;13:00;17:42;;;;;;;;;;;;
Sex;09/12/2011;;08:11;12:00;13:00;16:59;;;;;;;;;;;;
Sáb;10/12/2011;;07:23;12:37;;;;;;;;;;;;;;
Dom;11/12/2011;;;;;;;;;;;;;;;;;
Seg;12/12/2011;;07:31;12:00;13:00;17:56;;;;;;;;;;;;
Ter;13/12/2011;;08:00;12:00;13:00;17:39;;;;;;;;;;;;
Qua;14/12/2011;;07:53;12:00;13:00;18:30;;;;;;;;;;;;
Qui;15/12/2011;;07:59;12:00;13:00;17:18;;;;;;;;;;;;
Sex;16/12/2011;;08:02;12:00;13:00;16:20;;;;;;;;;;;;
Sáb;17/12/2011;;;;;;;;;;;;;;;;;
Dom;18/12/2011;;;;;;;;;;;;;;;;;
Seg;19/12/2011;;07:41;12:00;13:00;18:13;;;;;;;;;;;;
Ter;20/12/2011;;06:41;12:00;13:00;20:42;;;;;;;;;;;;
Soma;;;;;;;;;;;;;;;;;;
;;;;;;;;;;;;;;;;;;
Qua;21/12/2011;;07:38;12:00;13:00;17:15;;;;;;;;;;;;
Qui;22/12/2011;;08:06;12:00;13:00;17:36;;;;;;;;;;;;
Sex;23/12/2011;;07:50;12:00;13:00;16:21;;;;;;;;;;;;
Sáb;24/12/2011;;;;;;;;;;;;;;;;;
Dom;25/12/2011;feriado;;;;;;;;;;;;;;;;
Seg;26/12/2011;;08:50;12:00;13:00;17:21;;;;;;;;;;;;
Ter;27/12/2011;;08:05;12:00;13:00;18:32;;;;;;;;;;;;
Qua;28/12/2011;;08:00;12:00;13:00;17:36;;;;;;;;;;;;
Qui;29/12/2011;;08:02;12:00;13:00;17:39;;;;;;;;;;;;
Sex;30/12/2011;;07:42;13:21;;;;;;;;;;;;;;
Sáb;31/12/2011;;;;;;;;;;;;;;;;;
Dom;01/01/2012;feriado;;;;;;;;;;;;;;;;
Seg;02/01/2012;;09:11;12:00;13:00;17:33;;;;;;;;;;;;
Ter;03/01/2012;;07:28;12:00;13:00;18:16;;;;;;;;;;;;
Qua;04/01/2012;;07:43;12:00;13:00;17:52;;;;;;;;;;;;
Qui;05/01/2012;;07:27;12:00;13:00;17:36;;;;;;;;;;;;
Sex;06/01/2012;;07:31;12:00;13:00;19:28;;;;;;;;;;;;
Sáb;07/01/2012;;;;;;;;;;;;;;;;;
Dom;08/01/2012;;;;;;;;;;;;;;;;;
Seg;09/01/2012;;07:22;12:00;13:00;17:49;;;;;;;;;;;;
Ter;10/01/2012;;07:30;12:00;13:00;18:44;;;;;;;;;;;;
Qua;11/01/2012;;07:40;12:00;13:00;18:26;;;;;;;;;;;;
Qui;12/01/2012;;07:35;12:00;13:00;19:15;;;;;;;;;;;;
Sex;13/01/2012;;08:56;12:00;13:00;18:16;;;;;;;;;;;;
Sáb;14/01/2012;;;;;;;;;;;;;;;;;
Dom;15/01/2012;;;;;;;;;;;;;;;;;
Seg;16/01/2012;ferias;;;;;;;;;;;;;;;;
Ter;17/01/2012;ferias;;;;;;;;;;;;;;;;
Qua;18/01/2012;ferias;;;;;;;;;;;;;;;;
Qui;19/01/2012;ferias;;;;;;;;;;;;;;;;
Sex;20/01/2012;ferias;;;;;;;;;;;;;;;;
Soma;;;;;;;;;;;;;;;;;;
;;;;;;;;;;;;;;;;;;
Sáb;21/01/2012;ferias;;;;;;;;;;;;;;;;
Dom;22/01/2012;ferias;;;;;;;;;;;;;;;;
Seg;23/01/2012;ferias;;;;;;;;;;;;;;;;
Ter;24/01/2012;ferias;;;;;;;;;;;;;;;;
Qua;25/01/2012;ferias;;;;;;;;;;;;;;;;
Qui;26/01/2012;ferias;;;;;;;;;;;;;;;;
Sex;27/01/2012;ferias;;;;;;;;;;;;;;;;
Sáb;28/01/2012;ferias;;;;;;;;;;;;;;;;
Dom;29/01/2012;ferias;;;;;;;;;;;;;;;;
Seg;30/01/2012;ferias;;;;;;;;;;;;;;;;
Ter;31/01/2012;ferias;;;;;;;;;;;;;;;;
Qua;01/02/2012;ferias;;;;;;;;;;;;;;;;
Qui;02/02/2012;ferias;;;;;;;;;;;;;;;;
Sex;03/02/2012;ferias;;;;;;;;;;;;;;;;
Sáb;04/02/2012;ferias;;;;;;;;;;;;;;;;
Dom;05/02/2012;ferias;;;;;;;;;;;;;;;;
Seg;06/02/2012;ferias;;;;;;;;;;;;;;;;
Ter;07/02/2012;ferias;;;;;;;;;;;;;;;;
Qua;08/02/2012;ferias;;;;;;;;;;;;;;;;
Qui;09/02/2012;ferias;;;;;;;;;;;;;;;;
Sex;10/02/2012;ferias;;;;;;;;;;;;;;;;
Sáb;11/02/2012;ferias;;;;;;;;;;;;;;;;
Dom;12/02/2012;ferias;;;;;;;;;;;;;;;;
Seg;13/02/2012;ferias;;;;;;;;;;;;;;;;
Ter;14/02/2012;ferias;;;;;;;;;;;;;;;;
Qua;15/02/2012;;07:14;12:00;13:00;18:10;;;;;;;;;;;;
Qui;16/02/2012;;07:13;12:00;13:00;17:24;;;;;;;;;;;;
Sex;17/02/2012;;07:18;12:00;13:00;15:47;;;;;;;;;;;;
Sáb;18/02/2012;;;;;;;;;;;;;;;;;
Dom;19/02/2012;;;;;;;;;;;;;;;;;
Seg;20/02/2012;;09:44;12:00;13:00;17:52;;;;;;;;;;;;
Soma;;;;;;;;;;;;;;;;;;
;;;;;;;;;;;;;;;;;;
Ter;21/02/2012;feriado;07:15;12:00;13:00;18:23;;;;;;;;;;;;
Qua;22/02/2012;;07:17;12:00;13:00;17:38;;;;;;;;;;;;
Qui;23/02/2012;;07:29;12:00;14:36;17:16;;;;;;;;;;;;
Sex;24/02/2012;;07:30;12:00;13:00;16:15;;;;;;;;;;;;
Sáb;25/02/2012;;;;;;;;;;;;;;;;;
Dom;26/02/2012;;;;;;;;;;;;;;;;;
Seg;27/02/2012;;07:16;12:00;13:00;17:16;;;;;;;;;;;;
Ter;28/02/2012;;07:34;12:00;13:00;17:29;;;;;;;;;;;;
Qua;29/02/2012;;07:22;12:00;13:00;17:54;;;;;;;;;;;;
Qui;01/03/2012;;07:19;12:00;13:00;17:27;;;;;;;;;;;;
Sex;02/03/2012;;07:24;12:00;13:00;17:07;;;;;;;;;;;;
Sáb;03/03/2012;;;;;;;;;;;;;;;;;
Dom;04/03/2012;;;;;;;;;;;;;;;;;
Seg;05/03/2012;;07:18;12:00;13:00;17:17;;;;;;;;;;;;
Ter;06/03/2012;;07:21;12:00;13:00;17:56;;;;;;;;;;;;
Qua;07/03/2012;;07:23;12:00;13:00;17:15;;;;;;;;;;;;
Qui;08/03/2012;;07:25;12:00;13:00;17:21;;;;;;;;;;;;
Sex;09/03/2012;;08:34;12:00;13:00;18:18;;;;;;;;;;;;
Sáb;10/03/2012;;;;;;;;;;;;;;;;;
Dom;11/03/2012;;;;;;;;;;;;;;;;;
Seg;12/03/2012;;07:19;12:00;13:00;17:15;;;;;;;;;;;;
Ter;13/03/2012;;07:15;12:00;13:00;18:14;;;;;;;;;;;;
Qua;14/03/2012;;07:24;12:00;13:00;18:11;;;;;;;;;;;;
Qui;15/03/2012;;07:21;12:00;13:00;17:18;;;;;;;;;;;;
Sex;16/03/2012;;09:05;12:00;13:00;17:18;;;;;;;;;;;;
Sáb;17/03/2012;;;;;;;;;;;;;;;;;
Dom;18/03/2012;;;;;;;;;;;;;;;;;
Seg;19/03/2012;;07:13;12:00;13:00;17:34;;;;;;;;;;;;
Ter;20/03/2012;;07:30;09:06;09:43;12:00;13:30;17:22;;;;;;;;;;
Soma;;;;;;;;;;;;;;;;;;
;;;;;;;;;;;;;;;;;;
Qua;21/03/2012;;07:26;12:00;13:00;17:19;;;;;;;;;;;;
Qui;22/03/2012;;07:12;12:00;13:00;17:32;;;;;;;;;;;;
Sex;23/03/2012;;07:20;12:00;13:00;19:11;;;;;;;;;;;;
Sáb;24/03/2012;;;;;;;;;;;;;;;;;
Dom;25/03/2012;;;;;;;;;;;;;;;;;
Seg;26/03/2012;;07:14;12:00;13:00;17:13;;;;;;;;;;;;
Ter;27/03/2012;;07:12;12:00;13:00;17:36;;;;;;;;;;;;
Qua;28/03/2012;;07:14;12:00;13:00;17:20;;;;;;;;;;;;
Qui;29/03/2012;;07:20;12:00;13:00;18:43;;;;;;;;;;;;
Sex;30/03/2012;;07:28;12:00;13:00;18:07;;;;;;;;;;;;
Sáb;31/03/2012;;08:33;12:00;13:00;22:13;;;;;;;;;;;;
Soma;;;;;;;;;;;;;;;;;;
;;;;;;;;;;;;;;;;;;
