qua;18/08/2010;;06:25;12:00;13:00;16:16;;;;;;;;;
qui;19/08/2010;;06:26;12:00;13:00;16:16;;;;;;;;;
sex;20/08/2010;;06:26;12:00;13:00;16:15;;;;;;;;;
s�b;21/08/2010;;;;;;;;;;;;;;
dom;22/08/2010;;;;;;;;;;;;;;
seg;23/08/2010;;06:26;12:00;13:00;16:15;;;;;;;;;
ter;24/08/2010;;06:27;12:00;13:00;16:16;;;;;;;;;
qua;25/08/2010;;06:26;12:00;13:00;16:15;;;;;;;;;
Soma;;;;;;;;;;;;;;;
qui;26/08/2010;;06:26;12:00;13:00;16:16;;;;;;;;;
sex;27/08/2010;;06:27;12:00;13:00;16:16;;;;;;;;;
s�b;28/08/2010;;;;;;;;;;;;;;
dom;29/08/2010;;;;;;;;;;;;;;
seg;30/08/2010;;06:27;12:00;13:00;16:15;;;;;;;;;
ter;31/08/2010;;06:26;12:00;13:00;16:15;;;;;;;;;
qua;01/09/2010;;06:26;12:00;13:00;16:16;;;;;;;;;
qui;02/09/2010;;06:27;12:00;13:00;16:15;;;;;;;;;
sex;03/09/2010;;06:26;12:00;13:00;16:16;;;;;;;;;
s�b;04/09/2010;;;;;;;;;;;;;;
dom;05/09/2010;;;;;;;;;;;;;;
seg;06/09/2010;;06:20;12:00;13:00;16:15;;;;;;;;;
ter;07/09/2010;Feriado;;;;;;;;;;;;;
qua;08/09/2010;;06:26;12:00;13:00;16:15;;;;;;;;;
qui;09/09/2010;;06:25;12:00;13:00;16:16;;;;;;;;;
sex;10/09/2010;;06:26;12:00;13:00;16:16;;;;;;;;;
s�b;11/09/2010;;;;;;;;;;;;;;
dom;12/09/2010;;;;;;;;;;;;;;
seg;13/09/2010;;06:27;12:00;13:00;16:15;;;;;;;;;
ter;14/09/2010;;06:25;12:00;13:00;16:15;;;;;;;;;
qua;15/09/2010;falta just.;06:26;12:00;13:00;14:57;;;;;;;;;
qui;16/09/2010;;06:25;12:00;13:00;16:15;;;;;;;;;
sex;17/09/2010;;06:25;12:00;13:00;16:15;;;;;;;;;
s�b;18/09/2010;;;;;;;;;;;;;;
dom;19/09/2010;;;;;;;;;;;;;;
seg;20/09/2010;Feriado;;;;;;;;;;;;;
ter;21/09/2010;;06:26;12:00;13:00;16:16;;;;;;;;;
qua;22/09/2010;Atestado P.;09:20;12:00;13:00;16:16;;;;;;;;;
qui;23/09/2010;;06:26;12:00;13:00;16:16;;;;;;;;;
sex;24/09/2010;Atestado P.;06:25;08:55;10:22;12:00;13:00;16:16;;;;;;;
s�b;25/09/2010;;;;;;;;;;;;;;
Soma;;;;;;;;;;;;;;;
dom;26/09/2010;;;;;;;;;;;;;;
seg;27/09/2010;;06:26;12:00;13:00;16:16;;;;;;;;;
ter;28/09/2010;;06:28;12:00;13:00;16:17;;;;;;;;;
qua;29/09/2010;falta;;;;;;;;;;;;;
qui;30/09/2010;falta;;;;;;;;;;;;;
sex;01/10/2010;;06:26;12:00;;;;;;;;;;;
s�b;02/10/2010;;;;;;;;;;;;;;
dom;03/10/2010;;;;;;;;;;;;;;
seg;04/10/2010;;13:00;16:21;;;;;;;;;;;
ter;05/10/2010;falta;;;;;;;;;;;;;
qua;06/10/2010;;06:26;12:00;13:00;16:15;;;;;;;;;
qui;07/10/2010;falta;;;;;;;;;;;;;
sex;08/10/2010;falta;;;;;;;;;;;;;
s�b;09/10/2010;;;;;;;;;;;;;;
dom;10/10/2010;;;;;;;;;;;;;;
seg;11/10/2010;;06:20;12:00;13:00;16:15;;;;;;;;;
ter;12/10/2010;Feriado;;;;;;;;;;;;;
qua;13/10/2010;falta;;;;;;;;;;;;;
qui;14/10/2010;falta;;;;;;;;;;;;;
sex;15/10/2010;falta;;;;;;;;;;;;;
s�b;16/10/2010;;;;;;;;;;;;;;
dom;17/10/2010;;;;;;;;;;;;;;
seg;18/10/2010;;06:31;12:00;;;;;;;;;;;
ter;19/10/2010;falta;;;;;;;;;;;;;
qua;20/10/2010;falta;;;;;;;;;;;;;
qui;21/10/2010;;13:00;16:15;;;;;;;;;;;
sex;22/10/2010;falta;;;;;;;;;;;;;
s�b;23/10/2010;;;;;;;;;;;;;;
dom;24/10/2010;;;;;;;;;;;;;;
seg;25/10/2010;falta;;;;;;;;;;;;;
Soma;;;;;;;;;;;;;;;
ter;26/10/2010;;06:25;11:50;12:50;16:16;;;;;;;;;
qua;27/10/2010;;06:26;11:50;12:50;16:16;;;;;;;;;
qui;28/10/2010;;06:26;11:50;12:50;16:16;;;;;;;;;
sex;29/10/2010;;06:26;11:50;12:50;16:16;;;;;;;;;
s�b;30/10/2010;;;;;;;;;;;;;;
dom;31/10/2010;;;;;;;;;;;;;;
seg;01/11/2010;;06:30;11:50;12:50;16:15;;;;;;;;;
ter;02/11/2010;Feriado;;;;;;;;;;;;;
qua;03/11/2010;;06:27;11:50;12:50;16:20;;;;;;;;;
qui;04/11/2010;;06:27;11:50;12:50;16:16;;;;;;;;;
sex;05/11/2010;;06:27;11:50;12:50;16:15;;;;;;;;;
s�b;06/11/2010;;;;;;;;;;;;;;
dom;07/11/2010;;;;;;;;;;;;;;
seg;08/11/2010;;06:27;11:50;12:50;16:16;;;;;;;;;
ter;09/11/2010;;06:27;11:50;12:50;16:16;;;;;;;;;
qua;10/11/2010;;06:25;11:50;12:50;16:16;;;;;;;;;
qui;11/11/2010;;06:27;11:50;12:50;16:17;;;;;;;;;
sex;12/11/2010;Atestado;;;;;;;;;;;;;
s�b;13/11/2010;;;;;;;;;;;;;;
dom;14/11/2010;;;;;;;;;;;;;;
seg;15/11/2010;Feriado;;;;;;;;;;;;;
ter;16/11/2010;;06:29;11:50;12:50;16:16;;;;;;;;;
qua;17/11/2010;Atestado P.;06:30;12:00;;;;;;;;;;;
qui;18/11/2010;;06:26;11:50;12:50;16:16;;;;;;;;;
sex;19/11/2010;;06:30;11:50;12:50;16:16;;;;;;;;;
s�b;20/11/2010;;;;;;;;;;;;;;
dom;21/11/2010;;;;;;;;;;;;;;
seg;22/11/2010;;06:29;11:50;12:50;16:16;;;;;;;;;
ter;23/11/2010;;06:28;11:50;12:50;16:16;;;;;;;;;
qua;24/11/2010;;06:29;11:50;12:50;16:16;;;;;;;;;
qui;25/11/2010;;06:28;11:50;12:50;16:16;;;;;;;;;
Soma;;;;;;;;;;;;;;;
sex;26/11/2010;;06:28;11:50;12:50;16:16;;;;;;;;;
s�b;27/11/2010;;;;;;;;;;;;;;
dom;28/11/2010;;;;;;;;;;;;;;
seg;29/11/2010;;06:27;11:50;12:50;16:16;;;;;;;;;
ter;30/11/2010;;06:28;11:50;12:50;16:16;;;;;;;;;
qua;01/12/2010;;06:29;11:50;12:50;16:16;;;;;;;;;
qui;02/12/2010;;06:27;11:50;12:50;16:16;;;;;;;;;
sex;03/12/2010;;06:26;11:50;12:50;16:16;;;;;;;;;
s�b;04/12/2010;;07:52;18:47;;;;;;;;;;;
dom;05/12/2010;;;;;;;;;;;;;;
seg;06/12/2010;;06:26;09:05;11:31;16:16;;;;;;;;;
ter;07/12/2010;;06:26;11:50;12:50;16:16;;;;;;;;;
qua;08/12/2010;;06:25;11:50;12:50;16:16;;;;;;;;;
qui;09/12/2010;;06:26;11:50;12:50;16:16;;;;;;;;;
sex;10/12/2010;;06:27;11:50;12:50;16:16;;;;;;;;;
s�b;11/12/2010;;06:01;15:59;;;;;;;;;;;
dom;12/12/2010;;;;;;;;;;;;;;
seg;13/12/2010;;06:28;11:50;12:50;16:16;;;;;;;;;
ter;14/12/2010;;06:26;11:50;12:50;16:16;;;;;;;;;
qua;15/12/2010;;06:25;11:50;12:50;16:15;;;;;;;;;
qui;16/12/2010;;06:26;11:50;12:50;16:16;;;;;;;;;
sex;17/12/2010;;06:28;11:50;12:50;16:05;;;;;;;;;
s�b;18/12/2010;;;;;;;;;;;;;;
dom;19/12/2010;;;;;;;;;;;;;;
seg;20/12/2010;ferias;;;;;;;;;;;;;
ter;21/12/2010;ferias;;;;;;;;;;;;;
qua;22/12/2010;ferias;;;;;;;;;;;;;
qui;23/12/2010;ferias;;;;;;;;;;;;;
sex;24/12/2010;ferias;;;;;;;;;;;;;
s�b;25/12/2010;ferias;;;;;;;;;;;;;
Soma;;;;;;;;;;;;;;;
dom;26/12/2010;ferias;;;;;;;;;;;;;
seg;27/12/2010;ferias;;;;;;;;;;;;;
ter;28/12/2010;ferias;;;;;;;;;;;;;
qua;29/12/2010;ferias;;;;;;;;;;;;;
qui;30/12/2010;ferias;;;;;;;;;;;;;
sex;31/12/2010;ferias;;;;;;;;;;;;;
s�b;01/01/2011;ferias;;;;;;;;;;;;;
dom;02/01/2011;ferias;;;;;;;;;;;;;
seg;03/01/2011;;06:27;11:50;12:50;16:17;;;;;;;;;
ter;04/01/2011;;06:26;11:50;12:50;16:15;;;;;;;;;
qua;05/01/2011;;06:25;11:50;12:50;16:16;;;;;;;;;
qui;06/01/2011;;06:28;12:00;12:58;16:16;;;;;;;;;
sex;07/01/2011;;06:26;11:50;12:50;16:15;;;;;;;;;
s�b;08/01/2011;;04:56;12:21;12:31;16:00;;;;;;;;;
dom;09/01/2011;;;;;;;;;;;;;;
seg;10/01/2011;;06:29;11:50;12:50;16:16;;;;;;;;;
ter;11/01/2011;;06:30;11:50;12:50;21:15;;;;;;;;;
qua;12/01/2011;;06:27;11:50;12:50;16:16;;;;;;;;;
qui;13/01/2011;;06:27;11:50;12:50;16:16;;;;;;;;;
sex;14/01/2011;;06:26;11:50;12:50;16:16;;;;;;;;;
s�b;15/01/2011;;;;;;;;;;;;;;
dom;16/01/2011;;;;;;;;;;;;;;
seg;17/01/2011;;06:25;11:50;12:50;16:16;;;;;;;;;
ter;18/01/2011;;06:26;11:50;12:50;16:16;;;;;;;;;
qua;19/01/2011;;06:25;11:50;12:50;16:16;;;;;;;;;
qui;20/01/2011;;06:27;11:50;12:50;16:16;;;;;;;;;
sex;21/01/2011;;06:28;11:50;12:50;16:16;;;;;;;;;
s�b;22/01/2011;;;;;;;;;;;;;;
dom;23/01/2011;;;;;;;;;;;;;;
seg;24/01/2011;;06:26;11:50;12:50;13:57;;;;;;;;;
ter;25/01/2011;;06:26;11:50;12:50;16:16;;;;;;;;;
Soma;;;;;;;;;;;;;;;
qua;26/01/2011;;06:26;11:50;12:50;16:17;;;;;;;;;
qui;27/01/2011;;06:26;11:50;12:50;16:17;;;;;;;;;
sex;28/01/2011;;06:27;11:50;12:50;16:16;;;;;;;;;
s�b;29/01/2011;;;;;;;;;;;;;;
dom;30/01/2011;;;;;;;;;;;;;;
seg;31/01/2011;;06:27;12:00;;;;;;;;;;;
ter;01/02/2011;;06:26;11:50;12:50;16:16;;;;;;;;;
qua;02/02/2011;;06:27;11:50;12:50;16:16;;;;;;;;;
qui;03/02/2011;;06:26;11:50;12:50;16:16;;;;;;;;;
sex;04/02/2011;;06:26;11:50;12:50;16:15;;;;;;;;;
s�b;05/02/2011;;;;;;;;;;;;;;
dom;06/02/2011;;;;;;;;;;;;;;
seg;07/02/2011;;06:27;11:50;12:50;16:16;;;;;;;;;
ter;08/02/2011;;06:26;11:50;12:50;16:16;;;;;;;;;
qua;09/02/2011;;06:29;11:50;12:50;16:16;;;;;;;;;
qui;10/02/2011;;06:27;11:50;12:50;16:17;;;;;;;;;
sex;11/02/2011;;06:27;11:50;12:50;16:16;;;;;;;;;
s�b;12/02/2011;;;;;;;;;;;;;;
dom;13/02/2011;;;;;;;;;;;;;;
seg;14/02/2011;;06:26;11:50;12:50;16:16;;;;;;;;;
ter;15/02/2011;;06:27;11:50;12:50;16:16;;;;;;;;;
qua;16/02/2011;;06:27;11:50;12:50;16:16;;;;;;;;;
qui;17/02/2011;;06:27;11:50;12:50;16:16;;;;;;;;;
sex;18/02/2011;;06:27;11:50;12:50;16:16;;;;;;;;;
s�b;19/02/2011;;;;;;;;;;;;;;
dom;20/02/2011;;;;;;;;;;;;;;
seg;21/02/2011;;06:29;11:50;12:50;16:15;;;;;;;;;
ter;22/02/2011;;06:28;11:50;12:50;16:16;;;;;;;;;
qua;23/02/2011;;06:28;11:50;12:50;16:16;;;;;;;;;
qui;24/02/2011;;06:28;11:50;12:50;16:16;;;;;;;;;
sex;25/02/2011;;06:28;11:50;12:50;16:16;;;;;;;;;
Soma;;;;;;;;;;;;;;;
s�b;26/02/2011;;;;;;;;;;;;;;
dom;27/02/2011;;;;;;;;;;;;;;
seg;28/02/2011;;06:28;11:50;12:50;16:15;;;;;;;;;
ter;01/03/2011;;06:28;11:50;12:50;16:15;;;;;;;;;
qua;02/03/2011;;06:29;11:50;12:50;16:15;;;;;;;;;
qui;03/03/2011;Atestado P.;06:27;11:50;12:50;15:03;;;;;;;;;
sex;04/03/2011;;06:27;11:50;12:50;16:16;;;;;;;;;
s�b;05/03/2011;;;;;;;;;;;;;;
dom;06/03/2011;;;;;;;;;;;;;;
seg;07/03/2011;;06:28;11:50;12:50;16:16;;;;;;;;;
ter;08/03/2011;Feriado;06:28;11:50;12:50;16:16;;;;;;;;;
qua;09/03/2011;;06:27;11:50;12:50;16:16;;;;;;;;;
qui;10/03/2011;;06:27;11:50;12:50;16:16;;;;;;;;;
sex;11/03/2011;;06:27;11:50;12:50;16:15;;;;;;;;;
s�b;12/03/2011;;;;;;;;;;;;;;
dom;13/03/2011;;;;;;;;;;;;;;
seg;14/03/2011;;06:27;11:50;12:50;16:15;;;;;;;;;
ter;15/03/2011;;06:27;11:50;12:50;16:16;;;;;;;;;
qua;16/03/2011;;06:30;11:50;12:50;16:16;;;;;;;;;
qui;17/03/2011;;06:28;11:50;12:50;16:16;;;;;;;;;
sex;18/03/2011;;06:27;11:50;12:50;16:16;;;;;;;;;
s�b;19/03/2011;;;;;;;;;;;;;;
dom;20/03/2011;;;;;;;;;;;;;;
seg;21/03/2011;;06:26;11:50;12:50;16:16;;;;;;;;;
ter;22/03/2011;;06:28;11:50;12:50;16:16;;;;;;;;;
qua;23/03/2011;;06:27;11:50;12:50;16:16;;;;;;;;;
qui;24/03/2011;;06:27;11:50;12:50;16:16;;;;;;;;;
sex;25/03/2011;;06:27;11:50;12:50;16:15;;;;;;;;;
Soma;;;;;;;;;;;;;;;
s�b;26/03/2011;;;;;;;;;;;;;;
dom;27/03/2011;;;;;;;;;;;;;;
seg;28/03/2011;;06:27;11:50;12:50;16:16;;;;;;;;;
ter;29/03/2011;;06:27;11:50;12:50;16:16;;;;;;;;;
qua;30/03/2011;;06:28;11:50;12:50;16:16;;;;;;;;;
qui;31/03/2011;;06:28;11:50;12:50;16:16;;;;;;;;;
sex;01/04/2011;;06:27;11:50;12:50;16:17;;;;;;;;;
s�b;02/04/2011;;;;;;;;;;;;;;
dom;03/04/2011;;;;;;;;;;;;;;
seg;04/04/2011;;06:27;11:50;12:50;16:17;;;;;;;;;
ter;05/04/2011;Atestado P.;06:25;12:01;;;;;;;;;;;
qua;06/04/2011;;06:27;11:50;12:50;16:19;;;;;;;;;
qui;07/04/2011;;06:28;11:50;12:50;16:19;;;;;;;;;
sex;08/04/2011;;06:27;11:50;12:50;16:18;;;;;;;;;
s�b;09/04/2011;;;;;;;;;;;;;;
dom;10/04/2011;;;;;;;;;;;;;;
seg;11/04/2011;;06:26;11:50;12:50;16:17;;;;;;;;;
ter;12/04/2011;;06:28;11:50;12:50;16:16;;;;;;;;;
qua;13/04/2011;;06:27;11:50;12:50;16:17;;;;;;;;;
qui;14/04/2011;;06:27;11:50;12:50;16:17;;;;;;;;;
sex;15/04/2011;;06:26;11:50;12:50;16:17;;;;;;;;;
s�b;16/04/2011;;;;;;;;;;;;;;
dom;17/04/2011;;;;;;;;;;;;;;
seg;18/04/2011;Atestado;;;;;;;;;;;;;
ter;19/04/2011;;06:29;11:50;12:50;16:17;;;;;;;;;
qua;20/04/2011;;06:27;11:50;12:50;16:17;;;;;;;;;
qui;21/04/2011;Feriado;06:56;11:50;12:50;15:09;;;;;;;;;
sex;22/04/2011;Feriado;;;;;;;;;;;;;
s�b;23/04/2011;;06:01;12:00;;;;;;;;;;;
dom;24/04/2011;;;;;;;;;;;;;;
seg;25/04/2011;;06:27;11:50;12:50;16:17;;;;;;;;;
Soma;;;;;;;;;;;;;;;
ter;26/04/2011;;06:27;11:50;12:50;16:17;;;;;;;;;
qua;27/04/2011;;06:25;11:50;12:50;16:17;;;;;;;;;
qui;28/04/2011;;06:26;11:50;12:50;16:17;;;;;;;;;
sex;29/04/2011;;06:27;11:50;12:50;16:17;;;;;;;;;
s�b;30/04/2011;;;;;;;;;;;;;;
dom;01/05/2011;Feriado;;;;;;;;;;;;;
seg;02/05/2011;;06:25;11:50;12:50;16:17;;;;;;;;;
ter;03/05/2011;;06:27;11:50;12:50;16:18;;;;;;;;;
qua;04/05/2011;;06:25;11:50;12:50;16:17;;;;;;;;;
qui;05/05/2011;;06:26;11:50;12:50;16:17;;;;;;;;;
sex;06/05/2011;;06:26;11:50;12:50;16:17;;;;;;;;;
s�b;07/05/2011;;;;;;;;;;;;;;
dom;08/05/2011;;;;;;;;;;;;;;
seg;09/05/2011;;06:26;11:50;12:50;16:17;;;;;;;;;
ter;10/05/2011;;06:27;11:50;12:50;16:21;;;;;;;;;
qua;11/05/2011;;06:26;11:50;12:50;16:17;;;;;;;;;
qui;12/05/2011;;06:26;11:50;12:50;16:17;;;;;;;;;
sex;13/05/2011;;06:27;11:50;12:50;16:17;;;;;;;;;
s�b;14/05/2011;;;;;;;;;;;;;;
dom;15/05/2011;;;;;;;;;;;;;;
seg;16/05/2011;;06:26;11:50;12:50;16:17;;;;;;;;;
ter;17/05/2011;;06:26;11:50;12:50;16:16;;;;;;;;;
qua;18/05/2011;;06:26;11:50;12:50;16:15;;;;;;;;;
qui;19/05/2011;;06:26;11:50;12:50;16:16;;;;;;;;;
sex;20/05/2011;;06:27;11:50;12:50;16:15;;;;;;;;;
s�b;21/05/2011;;;;;;;;;;;;;;
dom;22/05/2011;;;;;;;;;;;;;;
seg;23/05/2011;;06:26;11:50;12:50;16:16;;;;;;;;;
ter;24/05/2011;;06:25;07:27;09:33;16:16;;;;;;;;;
qua;25/05/2011;;06:26;07:27;08:31;16:16;;;;;;;;;
Soma;;;;;;;;;;;;;;;
qui;26/05/2011;Feriado;05:57;12:26;12:46;16:00;;;;;;;;;
sex;27/05/2011;;06:25;11:50;12:50;16:16;;;;;;;;;
s�b;28/05/2011;;05:55;12:00;;;;;;;;;;;
dom;29/05/2011;;;;;;;;;;;;;;
seg;30/05/2011;;06:26;11:50;12:50;16:16;;;;;;;;;
ter;31/05/2011;;06:26;11:50;12:50;16:16;;;;;;;;;
qua;01/06/2011;;06:26;08:58;10:50;16:19;;;;;;;;;
qui;02/06/2011;;06:25;11:50;12:50;16:16;;;;;;;;;
sex;03/06/2011;;06:26;11:50;12:50;16:16;;;;;;;;;
s�b;04/06/2011;;;;;;;;;;;;;;
dom;05/06/2011;;;;;;;;;;;;;;
seg;06/06/2011;falta;;;;;;;;;;;;;
ter;07/06/2011;;06:26;11:50;12:50;16:17;;;;;;;;;
qua;08/06/2011;;06:27;11:50;12:50;16:16;;;;;;;;;
qui;09/06/2011;;06:26;11:50;12:50;16:15;;;;;;;;;
sex;10/06/2011;;06:26;11:50;12:50;16:16;;;;;;;;;
s�b;11/06/2011;;;;;;;;;;;;;;
dom;12/06/2011;;;;;;;;;;;;;;
seg;13/06/2011;;06:26;11:50;12:50;16:18;;;;;;;;;
ter;14/06/2011;;06:24;11:50;12:50;16:16;;;;;;;;;
qua;15/06/2011;;06:24;11:50;12:50;16:16;;;;;;;;;
qui;16/06/2011;;06:25;11:50;12:50;16:15;;;;;;;;;
sex;17/06/2011;;06:26;11:50;12:50;16:16;;;;;;;;;
s�b;18/06/2011;;05:56;11:59;12:25;16:00;;;;;;;;;
dom;19/06/2011;;;;;;;;;;;;;;
seg;20/06/2011;;06:24;11:50;12:50;16:16;;;;;;;;;
ter;21/06/2011;;06:26;11:50;12:50;16:16;;;;;;;;;
qua;22/06/2011;;06:25;11:50;12:50;16:16;;;;;;;;;
qui;23/06/2011;Feriado;;;;;;;;;;;;;
sex;24/06/2011;;06:25;11:50;12:50;16:16;;;;;;;;;
s�b;25/06/2011;;;;;;;;;;;;;;
Soma;;;;;;;;;;;;;;;
dom;26/06/2011;;;;;;;;;;;;;;
seg;27/06/2011;;06:25;11:50;12:50;16:16;;;;;;;;;
ter;28/06/2011;Atestado P.;06:24;09:45;11:20;16:15;;;;;;;;;
qua;29/06/2011;Atestado P.;07:44;11:50;12:50;16:16;;;;;;;;;
qui;30/06/2011;;06:25;11:50;12:50;16:16;;;;;;;;;
sex;01/07/2011;;06:26;11:50;12:50;16:16;;;;;;;;;
s�b;02/07/2011;;;;;;;;;;;;;;
dom;03/07/2011;;;;;;;;;;;;;;
seg;04/07/2011;;06:25;11:50;12:50;16:16;;;;;;;;;
ter;05/07/2011;;06:24;11:50;12:50;16:16;;;;;;;;;
qua;06/07/2011;;06:25;11:50;12:50;16:16;;;;;;;;;
qui;07/07/2011;;06:23;11:50;12:50;16:15;;;;;;;;;
sex;08/07/2011;Atestado;;;;;;;;;;;;;
s�b;09/07/2011;;;;;;;;;;;;;;
dom;10/07/2011;;;;;;;;;;;;;;
seg;11/07/2011;;06:27;11:50;12:50;16:15;;;;;;;;;
ter;12/07/2011;;06:26;11:50;12:50;16:16;;;;;;;;;
qua;13/07/2011;;06:26;11:50;12:50;16:16;;;;;;;;;
qui;14/07/2011;;06:27;11:50;12:50;16:15;;;;;;;;;
sex;15/07/2011;;06:27;11:50;12:50;16:16;;;;;;;;;
s�b;16/07/2011;;;;;;;;;;;;;;
dom;17/07/2011;;;;;;;;;;;;;;
seg;18/07/2011;;06:26;11:50;12:50;16:16;;;;;;;;;
ter;19/07/2011;;06:25;11:50;12:50;16:16;;;;;;;;;
qua;20/07/2011;;06:26;11:50;12:50;16:16;;;;;;;;;
qui;21/07/2011;;06:24;11:50;12:50;16:16;;;;;;;;;
sex;22/07/2011;;06:26;11:50;12:50;16:16;;;;;;;;;
s�b;23/07/2011;;05:56;12:00;12:15;15:56;;;;;;;;;
dom;24/07/2011;;;;;;;;;;;;;;
seg;25/07/2011;;06:23;11:50;12:50;15:55;;;;;;;;;
Soma;;;;;;;;;;;;;;;
ter;26/07/2011;;06:25;11:50;12:50;16:16;;;;;;;;;
qua;27/07/2011;;06:25;11:50;12:50;16:16;;;;;;;;;
qui;28/07/2011;;06:26;11:50;12:50;16:17;;;;;;;;;
sex;29/07/2011;;06:27;11:50;12:50;16:16;;;;;;;;;
s�b;30/07/2011;;;;;;;;;;;;;;
dom;31/07/2011;;;;;;;;;;;;;;
seg;01/08/2011;;06:28;11:00;12:05;16:16;;;;;;;;;
ter;02/08/2011;;06:24;11:50;12:50;16:15;;;;;;;;;
qua;03/08/2011;;06:23;11:50;12:50;16:15;;;;;;;;;
qui;04/08/2011;;06:23;11:50;12:50;16:16;;;;;;;;;
sex;05/08/2011;;06:22;11:50;12:50;16:15;;;;;;;;;
s�b;06/08/2011;;;;;;;;;;;;;;
dom;07/08/2011;;;;;;;;;;;;;;
seg;08/08/2011;;06:23;11:50;12:50;16:16;;;;;;;;;
ter;09/08/2011;;06:22;11:50;12:50;16:15;;;;;;;;;
qua;10/08/2011;;06:23;11:50;12:50;16:16;;;;;;;;;
qui;11/08/2011;;06:25;11:50;12:50;16:16;;;;;;;;;
sex;12/08/2011;;06:23;11:50;12:50;16:16;;;;;;;;;
s�b;13/08/2011;;;;;;;;;;;;;;
dom;14/08/2011;;;;;;;;;;;;;;
seg;15/08/2011;;06:25;11:50;12:50;16:16;;;;;;;;;
ter;16/08/2011;;06:25;11:50;12:50;16:15;;;;;;;;;
qua;17/08/2011;;06:27;11:50;12:50;16:16;;;;;;;;;
qui;18/08/2011;;06:27;11:50;12:50;16:16;;;;;;;;;
sex;19/08/2011;;06:24;11:50;12:50;16:16;;;;;;;;;
s�b;20/08/2011;;;;;;;;;;;;;;
dom;21/08/2011;;;;;;;;;;;;;;
seg;22/08/2011;;06:22;11:50;12:50;13:57;;;;;;;;;
ter;23/08/2011;;06:23;11:50;12:50;16:16;;;;;;;;;
qua;24/08/2011;;06:25;11:50;12:50;16:15;;;;;;;;;
qui;25/08/2011;;06:25;11:50;12:50;16:15;;;;;;;;;
Soma;;;;;;;;;;;;;;;
sex;26/08/2011;;06:25;11:50;12:50;16:15;;;;;;;;;
s�b;27/08/2011;;;;;;;;;;;;;;
dom;28/08/2011;;;;;;;;;;;;;;
seg;29/08/2011;;06:25;11:50;12:50;16:15;;;;;;;;;
ter;30/08/2011;;06:25;11:50;12:50;16:15;;;;;;;;;
qua;31/08/2011;;06:22;11:50;12:50;16:15;;;;;;;;;
qui;01/09/2011;;06:23;11:50;12:50;16:15;;;;;;;;;
sex;02/09/2011;;06:23;11:50;12:50;16:15;;;;;;;;;
s�b;03/09/2011;;;;;;;;;;;;;;
dom;04/09/2011;;;;;;;;;;;;;;
seg;05/09/2011;;06:22;11:50;12:50;16:17;;;;;;;;;
ter;06/09/2011;;06:22;11:50;12:50;16:15;;;;;;;;;
qua;07/09/2011;Feriado;;;;;;;;;;;;;
qui;08/09/2011;;06:22;11:50;12:50;16:17;;;;;;;;;
sex;09/09/2011;;06:22;11:50;12:50;16:15;;;;;;;;;
s�b;10/09/2011;;;;;;;;;;;;;;
dom;11/09/2011;;;;;;;;;;;;;;
seg;12/09/2011;;06:22;11:50;12:50;16:18;;;;;;;;;
ter;13/09/2011;;06:23;11:50;12:50;16:16;;;;;;;;;
qua;14/09/2011;;06:22;11:50;12:50;16:15;;;;;;;;;
qui;15/09/2011;;06:23;11:50;12:50;16:15;;;;;;;;;
sex;16/09/2011;;06:22;11:50;12:50;16:17;;;;;;;;;
s�b;17/09/2011;;;;;;;;;;;;;;
dom;18/09/2011;;;;;;;;;;;;;;
seg;19/09/2011;;06:22;11:50;12:50;16:16;;;;;;;;;
ter;20/09/2011;Feriado;;;;;;;;;;;;;
qua;21/09/2011;;06:22;11:50;12:50;16:17;;;;;;;;;
qui;22/09/2011;;06:22;11:50;12:50;16:16;;;;;;;;;
sex;23/09/2011;;06:22;11:50;12:50;16:15;;;;;;;;;
s�b;24/09/2011;;;;;;;;;;;;;;
dom;25/09/2011;;;;;;;;;;;;;;
Soma;;;;;;;;;;;;;;;
seg;26/09/2011;;06:22;11:50;12:50;16:17;;;;;;;;;
ter;27/09/2011;;06:22;11:50;12:50;16:16;;;;;;;;;
qua;28/09/2011;;06:23;11:50;12:50;16:17;;;;;;;;;
qui;29/09/2011;;06:22;11:50;12:50;16:16;;;;;;;;;
sex;30/09/2011;;06:25;11:50;12:50;16:16;;;;;;;;;
s�b;01/10/2011;;;;;;;;;;;;;;
dom;02/10/2011;;;;;;;;;;;;;;
seg;03/10/2011;;06:22;11:50;12:50;16:16;;;;;;;;;
ter;04/10/2011;;06:22;11:50;12:50;16:17;;;;;;;;;
qua;05/10/2011;;06:22;11:50;12:50;16:16;;;;;;;;;
qui;06/10/2011;;06:25;11:50;12:50;16:16;;;;;;;;;
sex;07/10/2011;;06:23;11:50;12:50;16:15;;;;;;;;;
s�b;08/10/2011;;;;;;;;;;;;;;
dom;09/10/2011;;;;;;;;;;;;;;
seg;10/10/2011;;06:25;11:50;12:50;16:17;;;;;;;;;
ter;11/10/2011;;06:25;11:50;12:50;16:17;;;;;;;;;
qua;12/10/2011;Feriado;;;;;;;;;;;;;
qui;13/10/2011;;06:26;11:50;12:50;16:16;;;;;;;;;
sex;14/10/2011;;06:26;11:50;12:50;16:16;;;;;;;;;
s�b;15/10/2011;;;;;;;;;;;;;;
dom;16/10/2011;;;;;;;;;;;;;;
seg;17/10/2011;;06:22;11:50;12:50;16:16;;;;;;;;;
ter;18/10/2011;;06:22;11:50;12:50;14:29;;;;;;;;;
qua;19/10/2011;;06:23;11:50;12:50;16:16;;;;;;;;;
qui;20/10/2011;;06:23;11:50;12:50;16:16;;;;;;;;;
sex;21/10/2011;;06:22;11:50;12:50;16:16;;;;;;;;;
s�b;22/10/2011;;;;;;;;;;;;;;
dom;23/10/2011;;;;;;;;;;;;;;
seg;24/10/2011;;06:25;11:50;12:50;16:16;;;;;;;;;
ter;25/10/2011;;06:23;11:50;12:50;16:16;;;;;;;;;
Soma;;;;;;;;;;;;;;;
qua;26/10/2011;;06:22;11:50;12:50;16:16;;;;;;;;;
qui;27/10/2011;;06:22;11:50;12:50;16:16;;;;;;;;;
sex;28/10/2011;;06:24;11:50;12:50;16:16;;;;;;;;;
s�b;29/10/2011;;;;;;;;;;;;;;
dom;30/10/2011;;;;;;;;;;;;;;
seg;31/10/2011;;06:23;11:50;12:50;16:16;;;;;;;;;
ter;01/11/2011;;06:22;11:50;12:50;16:16;;;;;;;;;
qua;02/11/2011;Feriado;;;;;;;;;;;;;
qui;03/11/2011;;06:23;11:50;12:50;16:16;;;;;;;;;
sex;04/11/2011;;06:22;11:50;12:50;16:15;;;;;;;;;
s�b;05/11/2011;;;;;;;;;;;;;;
dom;06/11/2011;;;;;;;;;;;;;;
seg;07/11/2011;;06:25;11:50;12:50;16:15;;;;;;;;;
ter;08/11/2011;;06:24;11:50;12:50;16:15;;;;;;;;;
qua;09/11/2011;;06:25;11:50;12:50;16:16;;;;;;;;;
qui;10/11/2011;;06:26;11:50;12:50;16:16;;;;;;;;;
sex;11/11/2011;;06:26;11:50;12:50;16:16;;;;;;;;;
s�b;12/11/2011;;;;;;;;;;;;;;
dom;13/11/2011;;;;;;;;;;;;;;
seg;14/11/2011;;;;;;;;;;;;;;
ter;15/11/2011;Feriado;;;;;;;;;;;;;
qua;16/11/2011;Atestado;;;;;;;;;;;;;
qui;17/11/2011;Atestado;;;;;;;;;;;;;
sex;18/11/2011;Atestado;;;;;;;;;;;;;
s�b;19/11/2011;;;;;;;;;;;;;;
dom;20/11/2011;;;;;;;;;;;;;;
seg;21/11/2011;;06:22;11:50;12:50;16:16;;;;;;;;;
ter;22/11/2011;;06:24;11:50;12:50;16:16;;;;;;;;;
qua;23/11/2011;Atestado;;;;;;;;;;;;;
qui;24/11/2011;Atestado;;;;;;;;;;;;;
sex;25/11/2011;Atestado;;;;;;;;;;;;;
Soma;;;;;;;;;;;;;;;
s�b;26/11/2011;;;;;;;;;;;;;;
dom;27/11/2011;;;;;;;;;;;;;;
seg;28/11/2011;;06:25;11:50;12:50;16:16;;;;;;;;;
ter;29/11/2011;;06:25;11:50;12:50;16:16;;;;;;;;;
qua;30/11/2011;;06:23;11:50;12:50;16:16;;;;;;;;;
qui;01/12/2011;Atestado;;;;;;;;;;;;;
sex;02/12/2011;Atestado;;;;;;;;;;;;;
s�b;03/12/2011;Atestado;;;;;;;;;;;;;
dom;04/12/2011;Atestado;;;;;;;;;;;;;
seg;05/12/2011;Atestado;;;;;;;;;;;;;
ter;06/12/2011;Atestado;;;;;;;;;;;;;
qua;07/12/2011;;06:26;11:50;12:50;16:16;;;;;;;;;
qui;08/12/2011;;06:26;11:50;12:50;16:16;;;;;;;;;
sex;09/12/2011;;06:25;11:01;11:54;16:16;;;;;;;;;
s�b;10/12/2011;;;;;;;;;;;;;;
dom;11/12/2011;;;;;;;;;;;;;;
seg;12/12/2011;;06:25;11:50;12:50;16:16;;;;;;;;;
ter;13/12/2011;;06:25;11:50;12:50;16:16;;;;;;;;;
qua;14/12/2011;;06:25;11:50;12:50;16:16;;;;;;;;;
qui;15/12/2011;;06:25;11:50;12:50;16:16;;;;;;;;;
sex;16/12/2011;;06:25;11:50;12:50;16:16;;;;;;;;;
s�b;17/12/2011;;;;;;;;;;;;;;
dom;18/12/2011;;;;;;;;;;;;;;
seg;19/12/2011;;06:25;11:50;12:50;16:16;;;;;;;;;
ter;20/12/2011;;06:25;11:50;12:50;16:16;;;;;;;;;
qua;21/12/2011;;06:26;11:50;12:50;16:16;;;;;;;;;
qui;22/12/2011;;06:25;11:50;12:50;15:26;;;;;;;;;
sex;23/12/2011;;06:24;11:50;12:50;16:16;;;;;;;;;
s�b;24/12/2011;;;;;;;;;;;;;;
dom;25/12/2011;Feriado;;;;;;;;;;;;;
Soma;;;;;;;;;;;;;;;
seg;26/12/2011;ferias;;;;;;;;;;;;;
ter;27/12/2011;ferias;;;;;;;;;;;;;
qua;28/12/2011;ferias;;;;;;;;;;;;;
qui;29/12/2011;ferias;;;;;;;;;;;;;
sex;30/12/2011;ferias;;;;;;;;;;;;;
s�b;31/12/2011;ferias;;;;;;;;;;;;;
dom;01/01/2012;ferias;;;;;;;;;;;;;
seg;02/01/2012;ferias;;;;;;;;;;;;;
ter;03/01/2012;ferias;;;;;;;;;;;;;
qua;04/01/2012;ferias;;;;;;;;;;;;;
qui;05/01/2012;ferias;;;;;;;;;;;;;
sex;06/01/2012;ferias;;;;;;;;;;;;;
s�b;07/01/2012;ferias;;;;;;;;;;;;;
dom;08/01/2012;ferias;;;;;;;;;;;;;
seg;09/01/2012;Atestado P.;08:25;11:50;12:50;16:16;;;;;;;;;
ter;10/01/2012;Atestado P.;07:35;11:50;12:50;16:16;;;;;;;;;
qua;11/01/2012;;06:25;11:50;12:50;16:16;;;;;;;;;
qui;12/01/2012;;06:25;11:50;12:50;16:16;;;;;;;;;
sex;13/01/2012;;06:26;11:50;12:50;16:16;;;;;;;;;
s�b;14/01/2012;;;;;;;;;;;;;;
dom;15/01/2012;;;;;;;;;;;;;;
seg;16/01/2012;;06:26;11:50;12:50;16:16;;;;;;;;;
ter;17/01/2012;;06:25;11:51;12:51;16:17;;;;;;;;;
qua;18/01/2012;;06:25;11:52;12:52;16:18;;;;;;;;;
qui;19/01/2012;;06:25;11:53;12:53;16:19;;;;;;;;;
sex;20/01/2012;;06:25;11:54;12:54;16:20;;;;;;;;;
s�b;21/01/2012;;;;;;;;;;;;;;
dom;22/01/2012;;;;;;;;;;;;;;
seg;23/01/2012;;06:25;11:57;12:57;16:23;;;;;;;;;
ter;24/01/2012;;06:26;11:58;12:58;16:24;;;;;;;;;
qua;25/01/2012;;06:26;11:59;12:59;16:25;;;;;;;;;
Soma;;;;;;;;;;;;;;;
qui;26/01/2012;;06:26;11:50;12:50;16:15;;;;;;;;;
sex;27/01/2012;;06:26;11:50;12:50;16:16;;;;;;;;;
s�b;28/01/2012;;05:58;12:15;12:32;16:00;;;;;;;;;
dom;29/01/2012;;;;;;;;;;;;;;
seg;30/01/2012;;06:26;11:50;12:50;16:15;;;;;;;;;
ter;31/01/2012;;06:25;11:50;12:50;16:15;;;;;;;;;
qua;01/02/2012;;06:26;11:50;12:50;16:15;;;;;;;;;
qui;02/02/2012;;06:26;11:50;12:50;16:15;;;;;;;;;
sex;03/02/2012;;06:26;11:50;12:50;16:15;;;;;;;;;
s�b;04/02/2012;;;;;;;;;;;;;;
dom;05/02/2012;;;;;;;;;;;;;;
seg;06/02/2012;;06:25;11:50;12:50;16:16;;;;;;;;;
ter;07/02/2012;;06:25;11:50;12:50;16:15;;;;;;;;;
qua;08/02/2012;;06:25;11:50;12:50;16:15;;;;;;;;;
qui;09/02/2012;Atestado;;;;;;;;;;;;;
sex;10/02/2012;;06:26;11:50;12:50;16:19;;;;;;;;;
s�b;11/02/2012;;05:32;12:20;12:38;16:10;;;;;;;;;
dom;12/02/2012;;;;;;;;;;;;;;
seg;13/02/2012;;06:26;11:50;12:50;16:17;;;;;;;;;
ter;14/02/2012;;06:25;11:50;12:50;16:15;;;;;;;;;
qua;15/02/2012;;06:25;11:50;12:50;16:15;;;;;;;;;
qui;16/02/2012;;06:26;11:50;12:50;16:16;;;;;;;;;
sex;17/02/2012;;06:26;11:50;12:50;16:16;;;;;;;;;
s�b;18/02/2012;;05:46;12:11;;;;;;;;;;;
dom;19/02/2012;;;;;;;;;;;;;;
seg;20/02/2012;Atestado P.;09:40;11:50;12:50;19:56;;;;;;;;;
ter;21/02/2012;Feriado;06:27;11:50;12:50;16:15;;;;;;;;;
qua;22/02/2012;;06:26;11:50;12:50;16:16;;;;;;;;;
qui;23/02/2012;;06:26;11:50;12:50;16:16;;;;;;;;;
sex;24/02/2012;;06:26;11:50;12:50;16:16;;;;;;;;;
s�b;25/02/2012;;05:27;12:00;;;;;;;;;;;
Soma;;;;;;;;;;;;;;;
dom;26/02/2012;;;;;;;;;;;;;;
seg;27/02/2012;;06:24;11:50;12:50;16:16;;;;;;;;;
ter;28/02/2012;;06:26;11:50;12:50;16:16;;;;;;;;;
qua;29/02/2012;;06:26;11:50;12:50;16:16;;;;;;;;;
qui;01/03/2012;;06:26;12:49;;;;;;;;;;;
sex;02/03/2012;;06:26;11:50;12:50;16:16;;;;;;;;;
s�b;03/03/2012;;;;;;;;;;;;;;
dom;04/03/2012;;;;;;;;;;;;;;
seg;05/03/2012;;06:27;11:50;12:50;16:16;;;;;;;;;
ter;06/03/2012;;06:26;11:50;12:50;16:16;;;;;;;;;
qua;07/03/2012;;06:26;11:50;12:50;16:16;;;;;;;;;
qui;08/03/2012;Atestado;;;;;;;;;;;;;
sex;09/03/2012;Atestado;;;;;;;;;;;;;
s�b;10/03/2012;Atestado;;;;;;;;;;;;;
dom;11/03/2012;Atestado;;;;;;;;;;;;;
seg;12/03/2012;Atestado;;;;;;;;;;;;;
ter;13/03/2012;Atestado;;;;;;;;;;;;;
qua;14/03/2012;Atestado;;;;;;;;;;;;;
qui;15/03/2012;Atestado;;;;;;;;;;;;;
sex;16/03/2012;Atestado;;;;;;;;;;;;;
s�b;17/03/2012;Atestado;;;;;;;;;;;;;
dom;18/03/2012;Atestado;;;;;;;;;;;;;
seg;19/03/2012;Atestado;;;;;;;;;;;;;
ter;20/03/2012;Atestado;;;;;;;;;;;;;
qua;21/03/2012;Atestado;;;;;;;;;;;;;
qui;22/03/2012;Atestado;;;;;;;;;;;;;
sex;23/03/2012;;06:26;11:50;12:50;16:18;;;;;;;;;
s�b;24/03/2012;;;;;;;;;;;;;;
dom;25/03/2012;;;;;;;;;;;;;;
Soma;;;;;;;;;;;;;;;
seg;26/03/2012;ferias;;;;;;;;;;;;;
ter;27/03/2012;ferias;;;;;;;;;;;;;
qua;28/03/2012;ferias;;;;;;;;;;;;;
qui;29/03/2012;ferias;;;;;;;;;;;;;
sex;30/03/2012;ferias;;;;;;;;;;;;;
s�b;31/03/2012;ferias;;;;;;;;;;;;;
dom;01/04/2012;ferias;;;;;;;;;;;;;
seg;02/04/2012;ferias;;;;;;;;;;;;;
ter;03/04/2012;ferias;;;;;;;;;;;;;
qua;04/04/2012;ferias;;;;;;;;;;;;;
qui;05/04/2012;ferias;;;;;;;;;;;;;
sex;06/04/2012;ferias;;;;;;;;;;;;;
s�b;07/04/2012;ferias;;;;;;;;;;;;;
dom;08/04/2012;ferias;;;;;;;;;;;;;
seg;09/04/2012;ferias;;;;;;;;;;;;;
ter;10/04/2012;ferias;;;;;;;;;;;;;
qua;11/04/2012;;06:26;11:50;12:50;16:16;;;;;;;;;
qui;12/04/2012;;06:25;11:50;12:50;16:16;;;;;;;;;
sex;13/04/2012;;06:25;11:50;12:50;16:15;;;;;;;;;
s�b;14/04/2012;;;;;;;;;;;;;;
dom;15/04/2012;;;;;;;;;;;;;;
seg;16/04/2012;;06:25;11:50;12:50;16:16;;;;;;;;;
ter;17/04/2012;;06:25;11:50;12:50;16:16;;;;;;;;;
qua;18/04/2012;;06:26;11:50;12:50;16:16;;;;;;;;;
qui;19/04/2012;;06:26;11:50;11:54;16:16;;;;;;;;;
sex;20/04/2012;;06:25;11:50;12:50;16:16;;;;;;;;;
s�b;21/04/2012;Feriado;;;;;;;;;;;;;
dom;22/04/2012;;;;;;;;;;;;;;
seg;23/04/2012;;06:25;11:50;12:50;16:16;;;;;;;;;
ter;24/04/2012;;06:24;11:50;12:50;16:16;;;;;;;;;
qua;25/04/2012;;06:25;11:50;12:50;16:16;;;;;;;;;
Soma;;;;;;;;;;;;;;;
qui;26/04/2012;;06:26;11:01;11:57;16:16;;;;;;;;;
sex;27/04/2012;;06:25;11:50;12:50;16:16;;;;;;;;;
s�b;28/04/2012;;;;;;;;;;;;;;
dom;29/04/2012;;;;;;;;;;;;;;
seg;30/04/2012;;;;;;;;;;;;;;
ter;01/05/2012;Feriado;;;;;;;;;;;;;
qua;02/05/2012;;06:26;11:50;12:50;16:15;;;;;;;;;
qui;03/05/2012;;06:23;11:00;11:56;16:16;;;;;;;;;
sex;04/05/2012;;06:24;11:50;12:50;16:16;;;;;;;;;
s�b;05/05/2012;;;;;;;;;;;;;;
dom;06/05/2012;;;;;;;;;;;;;;
seg;07/05/2012;;06:26;11:50;12:50;16:16;;;;;;;;;
ter;08/05/2012;;06:26;11:50;12:50;16:15;;;;;;;;;
qua;09/05/2012;;06:25;11:50;12:50;16:16;;;;;;;;;
qui;10/05/2012;;06:25;11:00;11:55;16:16;;;;;;;;;
sex;11/05/2012;;06:25;11:50;12:50;16:16;;;;;;;;;
s�b;12/05/2012;;;;;;;;;;;;;;
dom;13/05/2012;;;;;;;;;;;;;;
seg;14/05/2012;Atestado;;;;;;;;;;;;;
ter;15/05/2012;;06:25;11:50;12:50;16:16;;;;;;;;;
qua;16/05/2012;;06:25;11:50;12:50;16:16;;;;;;;;;
qui;17/05/2012;;06:25;11:50;12:50;16:16;;;;;;;;;
sex;18/05/2012;;06:25;11:50;12:50;15:38;;;;;;;;;
s�b;19/05/2012;;;;;;;;;;;;;;
dom;20/05/2012;;;;;;;;;;;;;;
seg;21/05/2012;;06:26;11:50;12:50;16:16;;;;;;;;;
ter;22/05/2012;;06:26;11:50;12:50;16:17;;;;;;;;;
qua;23/05/2012;;06:25;11:50;12:50;16:16;;;;;;;;;
qui;24/05/2012;;06:25;11:50;12:50;16:17;;;;;;;;;
sex;25/05/2012;;06:25;11:50;12:50;16:15;;;;;;;;;
Soma;;;;;;;;;;;;;;;
s�b;26/05/2012;Feriado;;;;;;;;;;;;;
dom;27/05/2012;;;;;;;;;;;;;;
seg;28/05/2012;;06:23;11:50;12:50;16:19;;;;;;;;;
ter;29/05/2012;;06:25;11:50;12:50;16:15;;;;;;;;;
qua;30/05/2012;;06:23;11:50;12:50;16:16;;;;;;;;;
qui;31/05/2012;;06:23;12:21;12:54;16:16;;;;;;;;;
sex;01/06/2012;;06:25;11:50;12:50;16:16;;;;;;;;;
s�b;02/06/2012;;;;;;;;;;;;;;
dom;03/06/2012;;;;;;;;;;;;;;
seg;04/06/2012;;06:21;11:50;12:50;16:16;;;;;;;;;
ter;05/06/2012;;06:24;11:50;12:50;16:15;;;;;;;;;
qua;06/06/2012;;06:22;11:50;12:50;16:18;;;;;;;;;
qui;07/06/2012;Feriado;;;;;;;;;;;;;
sex;08/06/2012;;;;;;;;;;;;;;
s�b;09/06/2012;;;;;;;;;;;;;;
dom;10/06/2012;;;;;;;;;;;;;;
seg;11/06/2012;;06:22;11:50;12:50;16:15;;;;;;;;;
ter;12/06/2012;;06:22;11:50;12:50;16:18;;;;;;;;;
qua;13/06/2012;;06:24;11:50;12:50;16:16;;;;;;;;;
qui;14/06/2012;;06:23;11:50;12:50;16:16;;;;;;;;;
sex;15/06/2012;;06:24;11:50;12:50;16:16;;;;;;;;;
s�b;16/06/2012;;05:01;11:18;11:53;14:54;;;;;;;;;
dom;17/06/2012;;;;;;;;;;;;;;
seg;18/06/2012;;06:24;11:50;12:50;16:19;;;;;;;;;
ter;19/06/2012;;06:24;11:50;12:50;16:19;;;;;;;;;
qua;20/06/2012;;06:24;11:50;12:50;16:16;;;;;;;;;
qui;21/06/2012;;06:24;11:50;12:50;16:16;;;;;;;;;
sex;22/06/2012;;06:26;11:50;12:50;16:16;;;;;;;;;
s�b;23/06/2012;;05:24;11:33;;;;;;;;;;;
dom;24/06/2012;;;;;;;;;;;;;;
seg;25/06/2012;;06:24;11:50;12:50;16:15;;;;;;;;;
Soma;;;;;;;;;;;;;;;
ter;26/06/2012;;06:23;11:50;12:50;16:18;;;;;;;;;
qua;27/06/2012;;06:23;11:50;12:50;16:16;;;;;;;;;
qui;28/06/2012;;06:24;11:50;12:50;16:17;;;;;;;;;
sex;29/06/2012;;06:24;11:50;12:50;16:15;;;;;;;;;
s�b;30/06/2012;;;;;;;;;;;;;;
dom;01/07/2012;;;;;;;;;;;;;;
seg;02/07/2012;;06:25;11:50;12:50;16:15;;;;;;;;;
ter;03/07/2012;;06:23;11:50;12:50;16:15;;;;;;;;;
qua;04/07/2012;;06:23;11:50;12:50;16:15;;;;;;;;;
qui;05/07/2012;;06:23;11:50;12:50;16:15;;;;;;;;;
sex;06/07/2012;;06:23;11:53;13:37;16:15;;;;;;;;;
s�b;07/07/2012;;;;;;;;;;;;;;
dom;08/07/2012;;;;;;;;;;;;;;
seg;09/07/2012;;06:24;11:50;12:50;16:16;;;;;;;;;
ter;10/07/2012;;06:24;11:50;12:50;16:15;;;;;;;;;
qua;11/07/2012;;06:24;11:50;12:50;16:16;;;;;;;;;
qui;12/07/2012;;06:24;11:50;12:50;16:16;;;;;;;;;
sex;13/07/2012;;06:24;11:50;12:50;16:16;;;;;;;;;
s�b;14/07/2012;;05:28;11:25;12:08;15:24;;;;;;;;;
dom;15/07/2012;;;;;;;;;;;;;;
seg;16/07/2012;;06:24;11:50;12:50;16:16;;;;;;;;;
ter;17/07/2012;;06:24;11:50;12:50;16:16;;;;;;;;;
qua;18/07/2012;;06:25;11:50;12:50;16:16;;;;;;;;;
qui;19/07/2012;;06:24;11:50;12:50;16:16;;;;;;;;;
sex;20/07/2012;;06:24;11:50;12:50;16:16;;;;;;;;;
s�b;21/07/2012;;05:28;11:31;12:15;15:02;;;;;;;;;
dom;22/07/2012;;;;;;;;;;;;;;
seg;23/07/2012;;06:24;11:50;12:50;16:16;;;;;;;;;
ter;24/07/2012;;06:23;11:50;12:50;16:15;;;;;;;;;
qua;25/07/2012;;06:23;11:50;12:50;16:16;;;;;;;;;
Soma;;;;;;;;;;;;;;;
qui;26/07/2012;;06:25;11:50;12:50;16:16;;;;;;;;;
sex;27/07/2012;;06:25;11:50;12:50;16:15;;;;;;;;;
s�b;28/07/2012;;05:28;11:10;11:55;14:41;;;;;;;;;
dom;29/07/2012;;;;;;;;;;;;;;
seg;30/07/2012;;06:23;11:50;12:50;16:16;;;;;;;;;
ter;31/07/2012;;06:24;11:50;12:50;16:16;;;;;;;;;
qua;01/08/2012;;06:25;11:50;12:50;16:16;;;;;;;;;
qui;02/08/2012;;06:23;11:50;12:50;16:15;;;;;;;;;
sex;03/08/2012;;06:24;11:50;12:50;16:15;;;;;;;;;
s�b;04/08/2012;;;;;;;;;;;;;;
dom;05/08/2012;;;;;;;;;;;;;;
seg;06/08/2012;;06:24;11:50;12:50;16:16;;;;;;;;;
ter;07/08/2012;;06:23;11:50;12:50;16:15;;;;;;;;;
qua;08/08/2012;;06:25;11:50;12:50;16:16;;;;;;;;;
qui;09/08/2012;;06:25;11:50;12:50;16:16;;;;;;;;;
sex;10/08/2012;;06:24;11:50;12:50;16:16;;;;;;;;;
s�b;11/08/2012;;;;;;;;;;;;;;
dom;12/08/2012;;;;;;;;;;;;;;
seg;13/08/2012;;06:24;11:50;12:50;16:16;;;;;;;;;
ter;14/08/2012;;06:25;11:50;12:50;16:15;;;;;;;;;
qua;15/08/2012;;06:25;11:50;12:50;16:15;;;;;;;;;
qui;16/08/2012;;06:25;11:50;12:50;16:15;;;;;;;;;
sex;17/08/2012;;06:25;11:50;12:50;16:15;;;;;;;;;
s�b;18/08/2012;;;;;;;;;;;;;;
dom;19/08/2012;;;;;;;;;;;;;;
seg;20/08/2012;;06:24;11:50;12:50;16:15;;;;;;;;;
ter;21/08/2012;;06:25;11:50;12:50;16:15;;;;;;;;;
qua;22/08/2012;;06:25;11:50;12:50;16:15;;;;;;;;;
qui;23/08/2012;;06:25;11:50;12:50;16:15;;;;;;;;;
sex;24/08/2012;;06:23;11:50;12:50;16:15;;;;;;;;;
s�b;25/08/2012;;;;;;;;;;;;;;
Soma;;;;;;;;;;;;;;;
dom;26/08/2012;;;;;;;;;;;;;;
seg;27/08/2012;;06:25;15:02;17:06;19:34;;;;;;;;;
ter;28/08/2012;;06:24;11:50;12:50;16:16;;;;;;;;;
qua;29/08/2012;;06:25;11:50;12:50;16:16;;;;;;;;;
qui;30/08/2012;;06:24;12:15;13:13;16:16;20:16;21:46;;;;;;;
sex;31/08/2012;;06:20;11:00;11:54;16:16;;;;;;;;;
s�b;01/09/2012;;;;;;;;;;;;;;
dom;02/09/2012;;;;;;;;;;;;;;
seg;03/09/2012;;06:22;12:00;13:00;16:16;;;;;;;;;
ter;04/09/2012;;06:25;12:00;13:00;16:16;;;;;;;;;
qua;05/09/2012;;06:24;12:00;13:00;16:17;;;;;;;;;
qui;06/09/2012;;06:25;12:00;13:00;16:16;;;;;;;;;
sex;07/09/2012;Feriado;;;;;;;;;;;;;
s�b;08/09/2012;;;;;;;;;;;;;;
dom;09/09/2012;;;;;;;;;;;;;;
seg;10/09/2012;;06:23;12:00;13:00;16:16;;;;;;;;;
ter;11/09/2012;;06:27;12:00;13:00;16:15;;;;;;;;;
qua;12/09/2012;;06:23;12:00;13:00;16:16;;;;;;;;;
qui;13/09/2012;;06:24;12:00;13:00;16:15;;;;;;;;;
sex;14/09/2012;;06:25;12:00;13:00;16:16;;;;;;;;;
s�b;15/09/2012;;;;;;;;;;;;;;
dom;16/09/2012;;;;;;;;;;;;;;
seg;17/09/2012;;06:24;12:00;13:00;16:15;;;;;;;;;
ter;18/09/2012;;06:24;12:00;13:00;16:15;;;;;;;;;
qua;19/09/2012;;06:26;12:00;13:00;16:15;;;;;;;;;
qui;20/09/2012;Feriado;;;;;;;;;;;;;
sex;21/09/2012;;;;;;;;;;;;;;
s�b;22/09/2012;;;;;;;;;;;;;;
dom;23/09/2012;;;;;;;;;;;;;;
seg;24/09/2012;;06:25;12:00;13:00;16:15;;;;;;;;;
ter;25/09/2012;;06:24;12:00;13:00;16:15;;;;;;;;;
Soma;;;;;;;;;;;;;;;
qua;26/09/2012;;06:23;12:00;13:00;16:16;;;;;;;;;
qui;27/09/2012;;06:25;12:00;13:00;16:15;;;;;;;;;
sex;28/09/2012;;06:25;12:00;13:00;16:16;;;;;;;;;
s�b;29/09/2012;;;;;;;;;;;;;;
dom;30/09/2012;;;;;;;;;;;;;;
seg;01/10/2012;;06:25;12:00;13:00;16:16;;;;;;;;;
ter;02/10/2012;;06:24;12:00;13:00;16:16;;;;;;;;;
qua;03/10/2012;;06:20;12:00;13:00;16:15;;;;;;;;;
qui;04/10/2012;;06:24;12:00;13:00;16:16;;;;;;;;;
sex;05/10/2012;;06:25;12:00;13:00;16:15;;;;;;;;;
s�b;06/10/2012;;;;;;;;;;;;;;
dom;07/10/2012;;;;;;;;;;;;;;
seg;08/10/2012;;06:23;12:00;13:00;16:16;;;;;;;;;
ter;09/10/2012;;06:23;12:00;13:00;16:16;;;;;;;;;
qua;10/10/2012;;06:22;12:00;13:00;16:16;;;;;;;;;
qui;11/10/2012;;06:22;12:00;13:00;16:16;;;;;;;;;
sex;12/10/2012;Feriado;;;;;;;;;;;;;
s�b;13/10/2012;;;;;;;;;;;;;;
dom;14/10/2012;;;;;;;;;;;;;;
seg;15/10/2012;;06:25;12:00;13:00;16:16;;;;;;;;;
ter;16/10/2012;;06:24;12:00;13:00;16:16;;;;;;;;;
qua;17/10/2012;;06:24;12:00;13:00;16:16;;;;;;;;;
qui;18/10/2012;;06:23;12:00;13:00;16:16;;;;;;;;;
sex;19/10/2012;;06:23;12:00;13:00;16:15;;;;;;;;;
s�b;20/10/2012;;;;;;;;;;;;;;
dom;21/10/2012;;;;;;;;;;;;;;
seg;22/10/2012;;06:25;12:00;13:00;16:15;;;;;;;;;
ter;23/10/2012;;06:25;12:00;13:00;16:16;;;;;;;;;
qua;24/10/2012;;06:25;12:00;13:00;16:15;;;;;;;;;
qui;25/10/2012;;06:21;12:00;13:00;16:16;;;;;;;;;
Soma;;;;;;;;;;;;;;;
sex;26/10/2012;;06:24;12:00;13:00;16:15;;;;;;;;;
s�b;27/10/2012;;;;;;;;;;;;;;
dom;28/10/2012;;;;;;;;;;;;;;
seg;29/10/2012;;06:24;12:00;13:00;16:16;;;;;;;;;
ter;30/10/2012;;06:25;12:00;13:00;16:16;;;;;;;;;
qua;31/10/2012;;06:24;12:00;13:00;16:16;;;;;;;;;
qui;01/11/2012;;06:25;12:00;13:00;16:15;;;;;;;;;
sex;02/11/2012;Feriado;;;;;;;;;;;;;
s�b;03/11/2012;;;;;;;;;;;;;;
dom;04/11/2012;;;;;;;;;;;;;;
seg;05/11/2012;;06:24;12:00;13:00;16:16;;;;;;;;;
ter;06/11/2012;;06:23;12:00;13:00;16:16;;;;;;;;;
qua;07/11/2012;;06:24;12:00;13:00;16:15;;;;;;;;;
qui;08/11/2012;;06:25;12:00;13:00;16:15;;;;;;;;;
sex;09/11/2012;;06:29;12:00;13:00;16:15;;;;;;;;;
s�b;10/11/2012;;;;;;;;;;;;;;
dom;11/11/2012;;;;;;;;;;;;;;
seg;12/11/2012;;06:24;12:00;13:00;16:16;;;;;;;;;
ter;13/11/2012;;06:25;12:00;13:00;16:16;;;;;;;;;
qua;14/11/2012;;06:24;12:00;13:00;16:16;;;;;;;;;
qui;15/11/2012;Feriado;;;;;;;;;;;;;
sex;16/11/2012;;;;;;;;;;;;;;
s�b;17/11/2012;;;;;;;;;;;;;;
dom;18/11/2012;;;;;;;;;;;;;;
seg;19/11/2012;;06:24;12:00;13:00;16:15;;;;;;;;;
ter;20/11/2012;;06:24;12:00;13:00;16:15;;;;;;;;;
qua;21/11/2012;;06:25;12:00;13:00;16:16;;;;;;;;;
qui;22/11/2012;;06:25;12:00;13:00;16:16;;;;;;;;;
sex;23/11/2012;;06:22;12:00;13:00;16:15;;;;;;;;;
s�b;24/11/2012;;;;;;;;;;;;;;
dom;25/11/2012;;;;;;;;;;;;;;
Soma;;;;;;;;;;;;;;;
seg;26/11/2012;;06:24;12:00;13:00;16:16;;;;;;;;;
ter;27/11/2012;;06:24;12:00;13:00;16:15;;;;;;;;;
qua;28/11/2012;;06:24;12:00;13:00;16:16;;;;;;;;;
qui;29/11/2012;;06:25;12:00;13:00;16:16;;;;;;;;;
sex;30/11/2012;;06:27;12:00;13:00;16:16;;;;;;;;;
s�b;01/12/2012;;;;;;;;;;;;;;
dom;02/12/2012;;;;;;;;;;;;;;
seg;03/12/2012;;06:28;12:00;13:00;16:15;;;;;;;;;
ter;04/12/2012;;06:24;12:00;13:00;16:16;;;;;;;;;
qua;05/12/2012;;06:25;12:00;13:00;16:16;;;;;;;;;
qui;06/12/2012;;06:24;12:27;;;;;;;;;;;
sex;07/12/2012;;06:24;12:00;13:00;16:16;;;;;;;;;
s�b;08/12/2012;;;;;;;;;;;;;;
dom;09/12/2012;;;;;;;;;;;;;;
seg;10/12/2012;;06:24;12:00;13:00;16:16;;;;;;;;;
ter;11/12/2012;;06:25;12:00;13:00;16:15;;;;;;;;;
qua;12/12/2012;;06:24;12:00;13:00;16:15;;;;;;;;;
qui;13/12/2012;;06:24;12:00;13:00;16:15;;;;;;;;;
sex;14/12/2012;;06:23;12:00;13:00;16:16;;;;;;;;;
s�b;15/12/2012;;;;;;;;;;;;;;
dom;16/12/2012;;;;;;;;;;;;;;
seg;17/12/2012;;06:24;12:00;13:00;16:15;;;;;;;;;
ter;18/12/2012;;06:24;12:00;13:00;16:16;;;;;;;;;
qua;19/12/2012;;06:25;12:00;13:00;16:15;;;;;;;;;
qui;20/12/2012;;06:25;12:00;13:00;16:16;;;;;;;;;
sex;21/12/2012;;06:24;11:00;11:59;16:15;;;;;;;;;
s�b;22/12/2012;;;;;;;;;;;;;;
dom;23/12/2012;;;;;;;;;;;;;;
seg;24/12/2012;ferias;;;;;;;;;;;;;
ter;25/12/2012;ferias;;;;;;;;;;;;;
Soma;;;;;;;;;;;;;;;
qua;26/12/2012;ferias;;;;;;;;;;;;;
qui;27/12/2012;ferias;;;;;;;;;;;;;
sex;28/12/2012;ferias;;;;;;;;;;;;;
s�b;29/12/2012;ferias;;;;;;;;;;;;;
dom;30/12/2012;ferias;;;;;;;;;;;;;
seg;31/12/2012;ferias;;;;;;;;;;;;;
ter;01/01/2013;ferias;;;;;;;;;;;;;
qua;02/01/2013;ferias;;;;;;;;;;;;;
qui;03/01/2013;ferias;;;;;;;;;;;;;
sex;04/01/2013;ferias;;;;;;;;;;;;;
s�b;05/01/2013;ferias;;;;;;;;;;;;;
dom;06/01/2013;ferias;;;;;;;;;;;;;
seg;07/01/2013;ferias;;;;;;;;;;;;;
ter;08/01/2013;ferias;;;;;;;;;;;;;
qua;09/01/2013;ferias;;;;;;;;;;;;;
qui;10/01/2013;ferias;;;;;;;;;;;;;
sex;11/01/2013;ferias;;;;;;;;;;;;;
s�b;12/01/2013;ferias;;;;;;;;;;;;;
dom;13/01/2013;;;;;;;;;;;;;;
seg;14/01/2013;;06:23;12:00;13:00;16:16;;;;;;;;;
ter;15/01/2013;;06:25;12:00;13:00;16:16;;;;;;;;;
qua;16/01/2013;;06:25;12:00;13:00;16:15;;;;;;;;;
qui;17/01/2013;;06:25;12:00;13:00;16:16;;;;;;;;;
sex;18/01/2013;Atestado P.;07:28;12:00;13:00;16:16;;;;;;;;;
s�b;19/01/2013;;;;;;;;;;;;;;
dom;20/01/2013;;;;;;;;;;;;;;
seg;21/01/2013;;06:25;12:00;13:00;16:16;;;;;;;;;
ter;22/01/2013;;06:25;11:15;12:02;16:15;;;;;;;;;
qua;23/01/2013;;06:24;12:00;13:00;16:16;;;;;;;;;
qui;24/01/2013;;06:25;12:00;13:00;16:16;;;;;;;;;
sex;25/01/2013;;06:24;12:00;13:00;14:05;;;;;;;;;
Soma;;;;;;;;;;;;;;;
s�b;26/01/2013;;;;;;;;;;;;;;
dom;27/01/2013;;;;;;;;;;;;;;
seg;28/01/2013;;06:20;12:00;13:00;16:12;;;;;;;;;
ter;29/01/2013;;06:21;12:00;13:00;16:16;;;;;;;;;
qua;30/01/2013;;06:23;12:00;13:00;16:16;;;;;;;;;
qui;31/01/2013;;06:25;12:00;13:00;16:16;;;;;;;;;
sex;01/02/2013;;06:25;12:00;13:00;16:15;;;;;;;;;
s�b;02/02/2013;;04:07;06:57;;;;;;;;;;;
dom;03/02/2013;;;;;;;;;;;;;;
seg;04/02/2013;;06:25;12:00;13:00;16:16;;;;;;;;;
ter;05/02/2013;;06:25;12:00;13:00;16:16;;;;;;;;;
qua;06/02/2013;;06:24;12:00;13:00;16:16;;;;;;;;;
qui;07/02/2013;;06:24;12:00;13:00;16:15;;;;;;;;;
sex;08/02/2013;;06:24;12:00;13:00;16:15;;;;;;;;;
s�b;09/02/2013;;;;;;;;;;;;;;
dom;10/02/2013;;;;;;;;;;;;;;
seg;11/02/2013;;06:27;12:00;13:00;16:15;;;;;;;;;
ter;12/02/2013;Feriado;06:21;12:00;13:00;16:16;;;;;;;;;
qua;13/02/2013;;06:24;12:00;13:00;16:15;;;;;;;;;
qui;14/02/2013;;06:24;12:00;13:00;16:16;;;;;;;;;
sex;15/02/2013;;06:20;12:00;13:00;16:16;;;;;;;;;
s�b;16/02/2013;;;;;;;;;;;;;;
dom;17/02/2013;;;;;;;;;;;;;;
seg;18/02/2013;ferias;;;;;;;;;;;;;
ter;19/02/2013;ferias;;;;;;;;;;;;;
qua;20/02/2013;ferias;;;;;;;;;;;;;
qui;21/02/2013;ferias;;;;;;;;;;;;;
sex;22/02/2013;ferias;;;;;;;;;;;;;
s�b;23/02/2013;ferias;;;;;;;;;;;;;
dom;24/02/2013;ferias;;;;;;;;;;;;;
seg;25/02/2013;ferias;;;;;;;;;;;;;
Soma;;;;;;;;;;;;;;;
ter;26/02/2013;ferias;;;;;;;;;;;;;
qua;27/02/2013;ferias;;;;;;;;;;;;;
qui;28/02/2013;;06:22;12:00;13:00;16:16;;;;;;;;;
sex;01/03/2013;Atestado P.;06:24;11:08;;;;;;;;;;;
s�b;02/03/2013;;;;;;;;;;;;;;
dom;03/03/2013;;;;;;;;;;;;;;
seg;04/03/2013;;06:23;12:00;13:00;16:16;;;;;;;;;
ter;05/03/2013;;06:24;12:00;13:00;16:16;;;;;;;;;
qua;06/03/2013;;06:22;12:00;13:00;16:16;;;;;;;;;
qui;07/03/2013;;06:25;12:00;13:00;16:19;;;;;;;;;
sex;08/03/2013;;06:22;12:00;13:00;16:15;;;;;;;;;
s�b;09/03/2013;;;;;;;;;;;;;;
dom;10/03/2013;;;;;;;;;;;;;;
seg;11/03/2013;;06:24;12:00;13:00;16:15;;;;;;;;;
ter;12/03/2013;;06:34;12:00;13:00;16:15;;;;;;;;;
qua;13/03/2013;;06:32;12:00;13:00;16:15;;;;;;;;;
qui;14/03/2013;;06:27;12:00;13:00;16:16;;;;;;;;;
sex;15/03/2013;Atestado P.;06:24;10:11;12:45;16:16;;;;;;;;;
s�b;16/03/2013;;;;;;;;;;;;;;
dom;17/03/2013;;;;;;;;;;;;;;
seg;18/03/2013;;06:26;12:00;13:00;16:16;;;;;;;;;
ter;19/03/2013;;06:27;12:00;13:00;16:16;;;;;;;;;
qua;20/03/2013;;06:25;12:00;13:00;16:16;;;;;;;;;
qui;21/03/2013;;06:25;12:00;13:00;16:16;;;;;;;;;
sex;22/03/2013;;06:25;12:00;13:00;16:15;;;;;;;;;
s�b;23/03/2013;;;;;;;;;;;;;;
dom;24/03/2013;;;;;;;;;;;;;;
seg;25/03/2013;;06:27;12:00;13:00;16:16;;;;;;;;;
Soma;;;;;;;;;;;;;;;
ter;26/03/2013;;06:25;12:00;13:00;16:16;;;;;;;;;
qua;27/03/2013;;06:25;12:00;13:00;16:15;;;;;;;;;
qui;28/03/2013;;06:24;12:00;13:00;16:16;;;;;;;;;
sex;29/03/2013;Feriado;;;;;;;;;;;;;
s�b;30/03/2013;;;;;;;;;;;;;;
dom;31/03/2013;;;;;;;;;;;;;;
seg;01/04/2013;;06:27;12:00;13:00;16:16;;;;;;;;;
ter;02/04/2013;;06:28;12:00;13:00;16:16;;;;;;;;;
qua;03/04/2013;;06:25;12:00;13:00;16:16;;;;;;;;;
qui;04/04/2013;;06:26;12:00;13:00;16:15;;;;;;;;;
sex;05/04/2013;;06:24;12:00;13:00;16:16;;;;;;;;;
s�b;06/04/2013;;;;;;;;;;;;;;
dom;07/04/2013;;;;;;;;;;;;;;
seg;08/04/2013;Atestado;;;;;;;;;;;;;
ter;09/04/2013;Atestado;;;;;;;;;;;;;
qua;10/04/2013;Atestado;;;;;;;;;;;;;
qui;11/04/2013;Atestado;;;;;;;;;;;;;
sex;12/04/2013;Atestado;;;;;;;;;;;;;
s�b;13/04/2013;Atestado;;;;;;;;;;;;;
dom;14/04/2013;Atestado;;;;;;;;;;;;;
seg;15/04/2013;;06:27;12:00;13:00;16:16;;;;;;;;;
ter;16/04/2013;Atestado P.;06:23;10:23;13:26;17:54;;;;;;;;;
qua;17/04/2013;;06:25;12:00;13:00;16:16;;;;;;;;;
qui;18/04/2013;;06:28;12:00;13:00;16:16;;;;;;;;;
sex;19/04/2013;;06:24;12:00;13:00;16:15;;;;;;;;;
s�b;20/04/2013;;;;;;;;;;;;;;
dom;21/04/2013;Feriado;;;;;;;;;;;;;
seg;22/04/2013;;06:27;12:00;13:00;16:16;;;;;;;;;
ter;23/04/2013;;06:25;12:00;13:00;16:16;;;;;;;;;
qua;24/04/2013;;06:26;12:00;13:00;16:16;;;;;;;;;
qui;25/04/2013;Atestado;;;;;;;;;;;;;
Soma;;;;;;;;;;;;;;;
sex;26/04/2013;Atestado;;;;;;;;;;;;;
s�b;27/04/2013;;;;;;;;;;;;;;
dom;28/04/2013;;;;;;;;;;;;;;
seg;29/04/2013;;06:26;12:00;13:00;16:18;;;;;;;;;
ter;30/04/2013;;06:26;12:00;13:00;16:16;;;;;;;;;
qua;01/05/2013;Feriado;;;;;;;;;;;;;
qui;02/05/2013;;06:25;12:00;13:00;16:15;;;;;;;;;
sex;03/05/2013;;06:25;12:00;13:00;16:16;;;;;;;;;
s�b;04/05/2013;;;;;;;;;;;;;;
dom;05/05/2013;;;;;;;;;;;;;;
seg;06/05/2013;;06:28;08:21;;;;;;;;;;;
ter;07/05/2013;;06:25;12:00;13:00;16:16;;;;;;;;;
qua;08/05/2013;;06:25;12:00;13:00;16:16;;;;;;;;;
qui;09/05/2013;;06:27;12:00;13:00;16:15;;;;;;;;;
sex;10/05/2013;;06:25;12:00;13:00;16:16;;;;;;;;;
s�b;11/05/2013;;;;;;;;;;;;;;
dom;12/05/2013;;;;;;;;;;;;;;
seg;13/05/2013;;06:27;12:00;13:00;16:16;;;;;;;;;
ter;14/05/2013;;06:25;12:00;13:00;16:16;;;;;;;;;
qua;15/05/2013;;06:25;12:00;13:00;16:15;;;;;;;;;
qui;16/05/2013;;06:25;12:00;13:00;16:16;;;;;;;;;
sex;17/05/2013;;06:30;12:00;13:00;16:16;;;;;;;;;
s�b;18/05/2013;;04:56;12:04;12:43;16:05;;;;;;;;;
dom;19/05/2013;;;;;;;;;;;;;;
seg;20/05/2013;;06:30;12:00;13:00;16:16;;;;;;;;;
ter;21/05/2013;;06:26;12:00;13:00;16:15;;;;;;;;;
qua;22/05/2013;;06:25;12:00;13:00;16:16;;;;;;;;;
qui;23/05/2013;;06:26;12:00;13:00;16:16;;;;;;;;;
sex;24/05/2013;;06:23;12:00;13:00;16:16;;;;;;;;;
s�b;25/05/2013;;;;;;;;;;;;;;
Soma;;;;;;;;;;;;;;;
dom;26/05/2013;Feriado;;;;;;;;;;;;;
seg;27/05/2013;;06:27;12:00;13:00;16:45;;;;;;;;;
ter;28/05/2013;;06:26;12:00;13:00;16:16;;;;;;;;;
qua;29/05/2013;Atestado;;;;;;;;;;;;;
qui;30/05/2013;Feriado;;;;;;;;;;;;;
sex;31/05/2013;falta;;;;;;;;;;;;;
s�b;01/06/2013;;;;;;;;;;;;;;
dom;02/06/2013;;;;;;;;;;;;;;
seg;03/06/2013;;06:26;12:00;13:00;16:16;;;;;;;;;
ter;04/06/2013;;06:26;12:00;13:00;16:16;;;;;;;;;
qua;05/06/2013;;06:24;12:00;13:00;16:16;;;;;;;;;
qui;06/06/2013;;06:24;12:00;13:00;16:15;;;;;;;;;
sex;07/06/2013;;04:31;12:00;13:00;16:16;;;;;;;;;
s�b;08/06/2013;;;;;;;;;;;;;;
dom;09/06/2013;;;;;;;;;;;;;;
seg;10/06/2013;;06:23;12:00;13:00;16:16;;;;;;;;;
ter;11/06/2013;;06:26;12:00;13:00;16:15;;;;;;;;;
qua;12/06/2013;;06:23;11:00;11:51;16:15;;;;;;;;;
qui;13/06/2013;;06:25;12:00;13:00;16:15;;;;;;;;;
sex;14/06/2013;;06:23;12:00;13:00;16:15;;;;;;;;;
s�b;15/06/2013;;;;;;;;;;;;;;
dom;16/06/2013;;;;;;;;;;;;;;
seg;17/06/2013;;06:23;12:19;;;;;;;;;;;
ter;18/06/2013;;06:26;12:00;13:00;16:15;;;;;;;;;
qua;19/06/2013;;06:25;12:00;13:00;16:15;;;;;;;;;
qui;20/06/2013;;06:25;12:00;13:00;16:16;;;;;;;;;
sex;21/06/2013;;06:23;14:22;14:56;16:16;;;;;;;;;
s�b;22/06/2013;;;;;;;;;;;;;;
dom;23/06/2013;;;;;;;;;;;;;;
seg;24/06/2013;;06:23;12:00;13:00;16:16;;;;;;;;;
ter;25/06/2013;;06:24;12:00;13:00;16:15;;;;;;;;;
Soma;;;;;;;;;;;;;;;
qua;26/06/2013;;06:28;12:00;13:00;16:16;;;;;;;;;
qui;27/06/2013;;06:23;12:00;13:00;16:16;;;;;;;;;
sex;28/06/2013;;06:28;12:00;13:00;16:15;;;;;;;;;
s�b;29/06/2013;;;;;;;;;;;;;;
dom;30/06/2013;;;;;;;;;;;;;;
seg;01/07/2013;;06:30;12:00;13:00;16:15;;;;;;;;;
ter;02/07/2013;;06:23;12:00;13:00;16:15;;;;;;;;;
qua;03/07/2013;;06:22;12:00;13:00;16:16;;;;;;;;;
qui;04/07/2013;;06:22;12:00;13:00;16:15;;;;;;;;;
sex;05/07/2013;;06:22;12:00;13:00;16:15;;;;;;;;;
s�b;06/07/2013;;;;;;;;;;;;;;
dom;07/07/2013;;;;;;;;;;;;;;
seg;08/07/2013;;06:24;14:24;15:30;16:15;;;;;;;;;
ter;09/07/2013;;06:23;12:00;13:00;16:15;;;;;;;;;
qua;10/07/2013;;06:23;12:00;13:00;16:15;;;;;;;;;
qui;11/07/2013;;06:24;12:00;13:00;16:15;;;;;;;;;
sex;12/07/2013;Atestado P.;06:23;12:00;13:00;14:17;;;;;;;;;
s�b;13/07/2013;;;;;;;;;;;;;;
dom;14/07/2013;;;;;;;;;;;;;;
seg;15/07/2013;;06:25;12:00;13:00;16:15;;;;;;;;;
ter;16/07/2013;;06:23;12:00;13:00;16:15;;;;;;;;;
qua;17/07/2013;;06:23;12:00;13:00;16:15;;;;;;;;;
qui;18/07/2013;;06:21;12:00;13:00;16:15;;;;;;;;;
sex;19/07/2013;Atestado P.;07:56;12:00;13:00;16:15;;;;;;;;;
s�b;20/07/2013;;04:59;10:17;;;;;;;;;;;
dom;21/07/2013;;;;;;;;;;;;;;
seg;22/07/2013;;06:22;12:00;13:00;16:15;;;;;;;;;
ter;23/07/2013;;06:24;12:00;13:00;16:15;;;;;;;;;
qua;24/07/2013;;06:25;12:00;13:00;16:15;;;;;;;;;
qui;25/07/2013;;06:26;12:00;13:00;16:15;;;;;;;;;
Soma;;;;;;;;;;;;;;;
sex;26/07/2013;Atestado P.;06:23;12:20;;;;;;;;;;;
s�b;27/07/2013;;;;;;;;;;;;;;
dom;28/07/2013;;;;;;;;;;;;;;
seg;29/07/2013;;06:25;12:00;13:00;16:15;;;;;;;;;
ter;30/07/2013;;06:25;12:00;13:00;16:15;;;;;;;;;
qua;31/07/2013;;06:25;12:00;13:00;16:16;;;;;;;;;
qui;01/08/2013;;06:24;12:00;13:00;16:15;;;;;;;;;
sex;02/08/2013;;06:25;12:00;13:00;16:15;;;;;;;;;
s�b;03/08/2013;;;;;;;;;;;;;;
dom;04/08/2013;;;;;;;;;;;;;;
seg;05/08/2013;;06:24;12:00;13:00;16:15;;;;;;;;;
ter;06/08/2013;;06:24;12:00;13:00;16:16;;;;;;;;;
qua;07/08/2013;;06:21;11:58;;;;;;;;;;;
qui;08/08/2013;;06:25;12:00;13:00;16:16;;;;;;;;;
sex;09/08/2013;;06:22;12:00;13:00;16:15;;;;;;;;;
s�b;10/08/2013;;04:59;10:59;11:57;13:31;;;;;;;;;
dom;11/08/2013;;;;;;;;;;;;;;
seg;12/08/2013;;06:23;12:00;13:00;16:16;;;;;;;;;
ter;13/08/2013;;06:23;12:00;13:00;16:15;;;;;;;;;
qua;14/08/2013;;06:23;12:00;13:00;16:16;;;;;;;;;
qui;15/08/2013;;06:23;12:00;13:00;16:16;;;;;;;;;
sex;16/08/2013;;06:25;12:00;13:00;16:16;;;;;;;;;
s�b;17/08/2013;;;;;;;;;;;;;;
dom;18/08/2013;;;;;;;;;;;;;;
seg;19/08/2013;;06:23;12:00;13:00;16:15;;;;;;;;;
ter;20/08/2013;;06:20;12:00;13:00;16:16;;;;;;;;;
qua;21/08/2013;;06:23;12:00;13:00;16:16;;;;;;;;;
qui;22/08/2013;;06:22;12:00;13:00;16:16;;;;;;;;;
sex;23/08/2013;;06:22;12:00;13:00;16:16;;;;;;;;;
s�b;24/08/2013;;04:03;09:58;10:56;15:17;;;;;;;;;
dom;25/08/2013;;;;;;;;;;;;;;
Soma;;;;;;;;;;;;;;;
seg;26/08/2013;;06:24;12:00;13:00;16:15;;;;;;;;;
ter;27/08/2013;Atestado P.;06:27;07:07;;;;;;;;;;;
qua;28/08/2013;;06:25;12:00;13:00;16:16;;;;;;;;;
qui;29/08/2013;;06:24;12:00;13:00;16:15;;;;;;;;;
sex;30/08/2013;;06:24;12:00;13:00;16:16;;;;;;;;;
s�b;31/08/2013;;;;;;;;;;;;;;
dom;01/09/2013;;;;;;;;;;;;;;
seg;02/09/2013;;06:24;12:00;13:00;16:16;;;;;;;;;
ter;03/09/2013;;06:25;12:00;13:00;16:15;;;;;;;;;
qua;04/09/2013;;06:22;12:00;13:00;16:16;;;;;;;;;
qui;05/09/2013;;06:25;12:00;13:00;16:16;;;;;;;;;
sex;06/09/2013;;06:22;12:00;13:00;16:15;;;;;;;;;
s�b;07/09/2013;Feriado;;;;;;;;;;;;;
dom;08/09/2013;;;;;;;;;;;;;;
seg;09/09/2013;;06:27;12:00;13:00;16:15;;;;;;;;;
ter;10/09/2013;;06:27;12:00;13:00;16:16;;;;;;;;;
qua;11/09/2013;;06:25;12:00;13:00;16:16;;;;;;;;;
qui;12/09/2013;;06:26;12:00;13:00;16:16;;;;;;;;;
sex;13/09/2013;;06:21;12:00;13:00;16:16;;;;;;;;;
s�b;14/09/2013;;;;;;;;;;;;;;
dom;15/09/2013;;;;;;;;;;;;;;
seg;16/09/2013;;06:24;12:00;13:00;16:16;;;;;;;;;
ter;17/09/2013;;06:25;12:00;13:00;16:15;;;;;;;;;
qua;18/09/2013;;06:23;12:00;13:00;16:16;;;;;;;;;
qui;19/09/2013;;06:23;12:00;13:00;15:14;;;;;;;;;
sex;20/09/2013;Feriado;;;;;;;;;;;;;
s�b;21/09/2013;;;;;;;;;;;;;;
dom;22/09/2013;;;;;;;;;;;;;;
seg;23/09/2013;;06:26;12:00;13:00;16:15;;;;;;;;;
ter;24/09/2013;;06:22;12:00;13:00;16:16;;;;;;;;;
qua;25/09/2013;;06:22;12:00;13:00;16:16;;;;;;;;;
Soma;;;;;;;;;;;;;;;
qui;26/09/2013;;06:22;12:00;13:00;16:15;;;;;;;;;
sex;27/09/2013;;06:21;12:00;13:00;16:16;;;;;;;;;
s�b;28/09/2013;;03:55;09:55;10:58;15:48;;;;;;;;;
dom;29/09/2013;;;;;;;;;;;;;;
seg;30/09/2013;;06:21;12:00;13:00;16:16;;;;;;;;;
ter;01/10/2013;;06:23;12:00;13:00;16:15;;;;;;;;;
qua;02/10/2013;;06:23;12:00;13:00;16:15;;;;;;;;;
qui;03/10/2013;;06:22;12:00;13:00;16:15;;;;;;;;;
sex;04/10/2013;;06:22;12:00;13:00;16:16;;;;;;;;;
s�b;05/10/2013;;;;;;;;;;;;;;
dom;06/10/2013;;;;;;;;;;;;;;
seg;07/10/2013;;06:21;12:00;13:00;16:15;;;;;;;;;
ter;08/10/2013;;06:22;12:00;13:00;16:15;;;;;;;;;
qua;09/10/2013;;06:21;09:20;10:43;16:15;;;;;;;;;
qui;10/10/2013;;06:22;12:00;13:00;16:16;;;;;;;;;
sex;11/10/2013;;06:21;12:00;13:00;16:16;;;;;;;;;
s�b;12/10/2013;Feriado;;;;;;;;;;;;;
dom;13/10/2013;;;;;;;;;;;;;;
seg;14/10/2013;;06:23;12:00;13:00;16:16;;;;;;;;;
ter;15/10/2013;;06:22;12:00;13:00;16:16;;;;;;;;;
qua;16/10/2013;;06:21;12:00;13:00;16:16;;;;;;;;;
qui;17/10/2013;;06:23;12:00;13:00;16:15;;;;;;;;;
sex;18/10/2013;;06:21;12:00;13:00;16:16;;;;;;;;;
s�b;19/10/2013;;;;;;;;;;;;;;
dom;20/10/2013;;;;;;;;;;;;;;
seg;21/10/2013;;06:24;12:00;13:00;16:16;;;;;;;;;
ter;22/10/2013;;06:21;12:00;13:00;16:16;;;;;;;;;
qua;23/10/2013;;06:24;12:00;13:00;16:15;;;;;;;;;
qui;24/10/2013;;06:22;12:00;13:00;16:16;;;;;;;;;
sex;25/10/2013;;06:21;12:00;13:00;16:16;;;;;;;;;
Soma;;;;;;;;;;;;;;;
s�b;26/10/2013;;04:49;11:00;11:57;15:57;;;;;;;;;
dom;27/10/2013;;;;;;;;;;;;;;
seg;28/10/2013;;06:22;12:00;13:00;16:16;;;;;;;;;
ter;29/10/2013;;06:23;12:00;13:00;16:16;;;;;;;;;
qua;30/10/2013;;06:24;12:00;13:00;16:16;;;;;;;;;
qui;31/10/2013;;06:22;12:00;13:00;16:16;;;;;;;;;
sex;01/11/2013;;06:21;12:00;13:00;16:15;;;;;;;;;
s�b;02/11/2013;Feriado;;;;;;;;;;;;;
dom;03/11/2013;;;;;;;;;;;;;;
seg;04/11/2013;;06:21;12:00;13:00;16:16;;;;;;;;;
ter;05/11/2013;Atestado;;;;;;;;;;;;;
qua;06/11/2013;;06:25;12:00;13:00;16:15;;;;;;;;;
qui;07/11/2013;;06:25;12:00;13:00;16:16;;;;;;;;;
sex;08/11/2013;;06:24;12:00;13:00;16:16;;;;;;;;;
s�b;09/11/2013;;;;;;;;;;;;;;
dom;10/11/2013;;;;;;;;;;;;;;
seg;11/11/2013;;06:23;12:00;13:00;16:16;;;;;;;;;
ter;12/11/2013;;06:23;12:00;13:00;16:16;;;;;;;;;
qua;13/11/2013;;06:24;12:00;13:00;16:16;;;;;;;;;
qui;14/11/2013;;06:27;12:00;13:00;14:59;;;;;;;;;
sex;15/11/2013;Feriado;;;;;;;;;;;;;
s�b;16/11/2013;;;;;;;;;;;;;;
dom;17/11/2013;;;;;;;;;;;;;;
seg;18/11/2013;;06:24;12:00;13:00;16:15;;;;;;;;;
ter;19/11/2013;;06:22;12:00;13:00;16:15;;;;;;;;;
qua;20/11/2013;;06:23;12:00;13:00;16:15;;;;;;;;;
qui;21/11/2013;;06:36;12:00;13:00;16:16;;;;;;;;;
sex;22/11/2013;Atestado;;;;;;;;;;;;;
s�b;23/11/2013;;;;;;;;;;;;;;
dom;24/11/2013;;;;;;;;;;;;;;
seg;25/11/2013;;06:23;12:00;13:00;16:15;;;;;;;;;
Soma;;;;;;;;;;;;;;;
ter;26/11/2013;;06:22;12:00;13:00;16:16;;;;;;;;;
qua;27/11/2013;;06:21;12:00;13:00;16:15;;;;;;;;;
qui;28/11/2013;;06:23;12:00;13:00;16:15;;;;;;;;;
sex;29/11/2013;;06:21;12:00;13:00;16:15;;;;;;;;;
s�b;30/11/2013;;;;;;;;;;;;;;
dom;01/12/2013;;;;;;;;;;;;;;
seg;02/12/2013;;06:23;12:00;13:00;16:15;;;;;;;;;
ter;03/12/2013;;06:21;12:00;13:00;16:16;;;;;;;;;
qua;04/12/2013;;06:24;12:00;13:00;16:16;;;;;;;;;
qui;05/12/2013;;06:26;12:00;13:00;16:15;;;;;;;;;
sex;06/12/2013;;06:23;12:00;13:00;16:16;;;;;;;;;
s�b;07/12/2013;;;;;;;;;;;;;;
dom;08/12/2013;;;;;;;;;;;;;;
seg;09/12/2013;;06:27;12:00;13:00;16:16;;;;;;;;;
ter;10/12/2013;;06:30;12:00;13:00;16:15;;;;;;;;;
qua;11/12/2013;;06:27;11:15;12:11;16:16;;;;;;;;;
qui;12/12/2013;;06:26;12:00;13:00;16:15;;;;;;;;;
sex;13/12/2013;;06:26;12:00;13:00;16:20;;;;;;;;;
s�b;14/12/2013;;;;;;;;;;;;;;
dom;15/12/2013;;;;;;;;;;;;;;
seg;16/12/2013;Atestado P.;06:28;07:52;;;;;;;;;;;
ter;17/12/2013;;06:21;12:00;13:00;16:16;;;;;;;;;
qua;18/12/2013;;06:24;12:00;13:00;16:15;;;;;;;;;
qui;19/12/2013;;06:26;12:00;13:00;16:15;;;;;;;;;
sex;20/12/2013;;06:25;12:00;13:00;14:51;;;;;;;;;
s�b;21/12/2013;;;;;;;;;;;;;;
dom;22/12/2013;;;;;;;;;;;;;;
seg;23/12/2013;ferias;;;;;;;;;;;;;
ter;24/12/2013;ferias;;;;;;;;;;;;;
qua;25/12/2013;ferias;;;;;;;;;;;;;
Soma;;;;;;;;;;;;;;;
qui;26/12/2013;ferias;;;;;;;;;;;;;
sex;27/12/2013;ferias;;;;;;;;;;;;;
s�b;28/12/2013;ferias;;;;;;;;;;;;;
dom;29/12/2013;ferias;;;;;;;;;;;;;
seg;30/12/2013;ferias;;;;;;;;;;;;;
ter;31/12/2013;ferias;;;;;;;;;;;;;
qua;01/01/2014;ferias;;;;;;;;;;;;;
qui;02/01/2014;ferias;;;;;;;;;;;;;
sex;03/01/2014;ferias;;;;;;;;;;;;;
s�b;04/01/2014;ferias;;;;;;;;;;;;;
dom;05/01/2014;ferias;;;;;;;;;;;;;
seg;06/01/2014;ferias;;;;;;;;;;;;;
ter;07/01/2014;ferias;;;;;;;;;;;;;
qua;08/01/2014;ferias;;;;;;;;;;;;;
qui;09/01/2014;ferias;;;;;;;;;;;;;
sex;10/01/2014;ferias;;;;;;;;;;;;;
s�b;11/01/2014;ferias;;;;;;;;;;;;;
dom;12/01/2014;;;;;;;;;;;;;;
seg;13/01/2014;;06:26;12:00;13:00;16:16;;;;;;;;;
ter;14/01/2014;;06:31;12:00;13:00;16:16;;;;;;;;;
qua;15/01/2014;;06:21;12:00;13:00;16:16;;;;;;;;;
qui;16/01/2014;;06:22;12:00;13:00;16:16;;;;;;;;;
sex;17/01/2014;;06:25;12:00;13:00;16:16;;;;;;;;;
s�b;18/01/2014;;;;;;;;;;;;;;
dom;19/01/2014;;;;;;;;;;;;;;
seg;20/01/2014;;06:26;12:00;13:00;16:16;;;;;;;;;
ter;21/01/2014;;06:25;12:00;13:00;16:16;;;;;;;;;
qua;22/01/2014;;06:25;12:00;13:00;16:15;;;;;;;;;
qui;23/01/2014;;06:24;12:00;13:00;16:16;;;;;;;;;
sex;24/01/2014;;06:23;12:00;13:00;16:15;;;;;;;;;
s�b;25/01/2014;;05:02;10:37;;;;;;;;;;;
Soma;;;;;;;;;;;;;;;
dom;26/01/2014;;;;;;;;;;;;;;
seg;27/01/2014;;06:23;12:00;13:00;16:15;;;;;;;;;
ter;28/01/2014;;06:25;12:00;13:00;16:16;;;;;;;;;
qua;29/01/2014;;06:29;12:00;13:00;16:15;;;;;;;;;
qui;30/01/2014;;06:27;12:00;13:00;16:16;;;;;;;;;
sex;31/01/2014;;06:21;12:00;13:00;16:16;;;;;;;;;
s�b;01/02/2014;;05:06;10:54;;;;;;;;;;;
dom;02/02/2014;;;;;;;;;;;;;;
seg;03/02/2014;;06:25;12:00;13:00;16:15;;;;;;;;;
ter;04/02/2014;;06:25;12:00;13:00;16:15;;;;;;;;;
qua;05/02/2014;;06:26;12:00;13:00;16:16;;;;;;;;;
qui;06/02/2014;;06:25;12:00;13:00;16:16;;;;;;;;;
sex;07/02/2014;;06:22;12:00;13:00;16:15;;;;;;;;;
s�b;08/02/2014;;;;;;;;;;;;;;
dom;09/02/2014;;;;;;;;;;;;;;
seg;10/02/2014;;06:26;12:00;13:00;16:16;;;;;;;;;
ter;11/02/2014;;06:25;12:00;13:00;16:15;;;;;;;;;
qua;12/02/2014;;06:22;12:00;13:00;16:16;;;;;;;;;
qui;13/02/2014;;06:25;12:00;13:00;16:15;;;;;;;;;
sex;14/02/2014;;06:23;12:00;13:00;16:16;;;;;;;;;
s�b;15/02/2014;;04:53;10:57;;;;;;;;;;;
dom;16/02/2014;;;;;;;;;;;;;;
seg;17/02/2014;;06:25;12:00;13:00;16:16;;;;;;;;;
ter;18/02/2014;;06:26;12:00;13:00;16:15;;;;;;;;;
qua;19/02/2014;;06:26;12:00;13:00;16:15;;;;;;;;;
qui;20/02/2014;;06:21;12:00;13:00;14:55;;;;;;;;;
sex;21/02/2014;;06:23;12:00;13:00;16:16;;;;;;;;;
s�b;22/02/2014;;;;;;;;;;;;;;
dom;23/02/2014;;;;;;;;;;;;;;
seg;24/02/2014;;06:24;12:00;13:00;16:15;;;;;;;;;
ter;25/02/2014;;06:21;12:00;13:00;16:15;;;;;;;;;
Soma;;;;;;;;;;;;;;;
qua;26/02/2014;;06:22;12:00;13:00;16:15;;;;;;;;;
qui;27/02/2014;;06:26;12:00;13:00;16:15;;;;;;;;;
sex;28/02/2014;;06:22;12:00;13:00;16:15;;;;;;;;;
s�b;01/03/2014;;;;;;;;;;;;;;
dom;02/03/2014;;;;;;;;;;;;;;
seg;03/03/2014;;06:22;12:00;13:00;16:15;;;;;;;;;
ter;04/03/2014;Feriado;06:25;12:00;13:00;16:15;;;;;;;;;
qua;05/03/2014;;06:21;12:00;13:00;16:16;;;;;;;;;
qui;06/03/2014;;06:22;12:00;13:00;16:15;;;;;;;;;
sex;07/03/2014;;06:22;12:00;13:00;16:15;;;;;;;;;
s�b;08/03/2014;;;;;;;;;;;;;;
dom;09/03/2014;;;;;;;;;;;;;;
seg;10/03/2014;;06:30;12:00;13:00;16:15;;;;;;;;;
ter;11/03/2014;;06:21;12:00;13:00;16:15;;;;;;;;;
qua;12/03/2014;;06:23;12:00;13:00;16:16;;;;;;;;;
qui;13/03/2014;;06:26;12:00;13:00;16:15;;;;;;;;;
sex;14/03/2014;;06:24;12:00;13:00;16:15;;;;;;;;;
s�b;15/03/2014;;04:48;10:57;11:55;15:12;;;;;;;;;
dom;16/03/2014;;;;;;;;;;;;;;
seg;17/03/2014;;06:26;12:00;13:00;16:15;;;;;;;;;
ter;18/03/2014;;06:26;12:00;13:00;16:15;;;;;;;;;
qua;19/03/2014;;06:26;12:00;13:00;16:15;;;;;;;;;
qui;20/03/2014;Atestado;;;;;;;;;;;;;
sex;21/03/2014;;06:20;11:00;11:55;16:19;;;;;;;;;
s�b;22/03/2014;;;;;;;;;;;;;;
dom;23/03/2014;;;;;;;;;;;;;;
seg;24/03/2014;;06:28;12:00;13:00;16:16;;;;;;;;;
ter;25/03/2014;;06:26;12:00;13:00;16:15;;;;;;;;;
Soma;;;;;;;;;;;;;;;
qua;26/03/2014;;06:25;12:00;13:00;16:15;;;;;;;;;
qui;27/03/2014;;06:26;12:00;13:00;16:15;;;;;;;;;
sex;28/03/2014;;06:26;12:00;13:00;16:15;;;;;;;;;
s�b;29/03/2014;;;;;;;;;;;;;;
dom;30/03/2014;;;;;;;;;;;;;;
seg;31/03/2014;;06:26;12:00;13:00;16:15;;;;;;;;;
ter;01/04/2014;;06:24;08:04;10:19;16:16;;;;;;;;;
qua;02/04/2014;;06:26;12:00;13:00;16:15;;;;;;;;;
qui;03/04/2014;;06:30;12:00;13:00;16:15;;;;;;;;;
sex;04/04/2014;;06:26;12:00;13:00;16:16;;;;;;;;;
s�b;05/04/2014;;04:04;06:58;;;;;;;;;;;
dom;06/04/2014;;;;;;;;;;;;;;
seg;07/04/2014;falta;;;;;;;;;;;;;
ter;08/04/2014;;06:27;12:00;13:00;16:15;;;;;;;;;
qua;09/04/2014;;06:26;12:00;13:00;16:15;;;;;;;;;
qui;10/04/2014;;06:25;12:00;13:00;16:16;;;;;;;;;
sex;11/04/2014;;06:26;12:00;13:00;16:15;;;;;;;;;
s�b;12/04/2014;;;;;;;;;;;;;;
dom;13/04/2014;;;;;;;;;;;;;;
seg;14/04/2014;;06:28;12:00;13:00;16:15;;;;;;;;;
ter;15/04/2014;;06:25;12:00;13:00;16:15;;;;;;;;;
qua;16/04/2014;;06:20;12:00;13:00;16:15;;;;;;;;;
qui;17/04/2014;;06:26;12:00;13:00;16:15;;;;;;;;;
sex;18/04/2014;Feriado;;;;;;;;;;;;;
s�b;19/04/2014;;;;;;;;;;;;;;
dom;20/04/2014;Feriado;;;;;;;;;;;;;
seg;21/04/2014;Feriado;;;;;;;;;;;;;
ter;22/04/2014;;06:28;12:00;13:00;16:16;;;;;;;;;
qua;23/04/2014;;06:24;12:00;13:00;16:15;;;;;;;;;
qui;24/04/2014;;06:27;12:00;13:00;16:16;;;;;;;;;
sex;25/04/2014;;06:22;12:00;13:00;16:16;;;;;;;;;
Soma;;;;;;;;;;;;;;;
s�b;26/04/2014;;;;;;;;;;;;;;
dom;27/04/2014;;;;;;;;;;;;;;
seg;28/04/2014;;06:27;12:00;13:00;16:15;;;;;;;;;
ter;29/04/2014;;06:26;12:00;13:00;16:15;;;;;;;;;
qua;30/04/2014;;06:25;12:16;;;;;;;;;;;
qui;01/05/2014;Feriado;;;;;;;;;;;;;
sex;02/05/2014;;06:28;12:00;13:00;16:15;;;;;;;;;
s�b;03/05/2014;;;;;;;;;;;;;;
dom;04/05/2014;;;;;;;;;;;;;;
seg;05/05/2014;;06:22;12:00;13:00;13:37;;;;;;;;;
ter;06/05/2014;Atestado P.;06:25;12:02;;;;;;;;;;;
qua;07/05/2014;;06:26;12:00;13:00;16:15;;;;;;;;;
qui;08/05/2014;;06:28;12:00;13:00;16:16;;;;;;;;;
sex;09/05/2014;Atestado;;;;;;;;;;;;;
s�b;10/05/2014;;;;;;;;;;;;;;
dom;11/05/2014;;;;;;;;;;;;;;
seg;12/05/2014;Atestado P.;06:26;12:46;;;;;;;;;;;
ter;13/05/2014;;06:27;12:00;13:00;16:15;;;;;;;;;
qua;14/05/2014;;06:26;12:00;13:00;16:15;;;;;;;;;
qui;15/05/2014;;06:25;12:00;13:00;16:15;;;;;;;;;
sex;16/05/2014;;06:28;12:00;13:00;16:15;;;;;;;;;
s�b;17/05/2014;;05:56;10:20;;;;;;;;;;;
dom;18/05/2014;;;;;;;;;;;;;;
seg;19/05/2014;;06:25;12:14;12:53;16:15;;;;;;;;;
ter;20/05/2014;;06:28;12:00;13:00;16:15;;;;;;;;;
qua;21/05/2014;;06:28;12:00;13:00;16:15;;;;;;;;;
qui;22/05/2014;;06:26;12:00;13:00;15:24;;;;;;;;;
sex;23/05/2014;;06:28;12:00;13:00;16:15;;;;;;;;;
s�b;24/05/2014;;03:58;08:22;;;;;;;;;;;
dom;25/05/2014;;;;;;;;;;;;;;
Soma;;;;;;;;;;;;;;;
seg;26/05/2014;Feriado;;;;;;;;;;;;;
ter;27/05/2014;;06:28;12:00;13:00;16:15;;;;;;;;;
qua;28/05/2014;;06:27;12:00;13:00;16:15;;;;;;;;;
qui;29/05/2014;;06:27;12:00;13:00;16:16;;;;;;;;;
sex;30/05/2014;;06:26;12:00;13:00;16:16;;;;;;;;;
s�b;31/05/2014;;04:03;08:41;;;;;;;;;;;
dom;01/06/2014;;;;;;;;;;;;;;
seg;02/06/2014;;06:28;12:00;13:00;16:15;;;;;;;;;
ter;03/06/2014;;06:28;12:00;13:00;16:15;;;;;;;;;
qua;04/06/2014;Atestado P.;06:27;12:12;;;;;;;;;;;
qui;05/06/2014;Atestado;;;;;;;;;;;;;
sex;06/06/2014;Atestado;;;;;;;;;;;;;
s�b;07/06/2014;;;;;;;;;;;;;;
dom;08/06/2014;;;;;;;;;;;;;;
seg;09/06/2014;;06:26;12:00;13:00;16:15;;;;;;;;;
ter;10/06/2014;;06:28;12:00;13:00;16:15;;;;;;;;;
qua;11/06/2014;;06:27;12:00;13:00;16:15;;;;;;;;;
qui;12/06/2014;;06:26;12:00;13:00;16:18;;;;;;;;;
sex;13/06/2014;;06:28;12:00;13:00;16:15;;;;;;;;;
s�b;14/06/2014;;;;;;;;;;;;;;
dom;15/06/2014;;;;;;;;;;;;;;
seg;16/06/2014;;06:28;12:00;13:00;16:15;;;;;;;;;
ter;17/06/2014;;06:23;12:00;13:00;15:15;;;;;;;;;
qua;18/06/2014;;06:26;12:00;13:00;14:57;;;;;;;;;
qui;19/06/2014;Feriado;;;;;;;;;;;;;
sex;20/06/2014;falta just.;;;;;;;;;;;;;
s�b;21/06/2014;;;;;;;;;;;;;;
dom;22/06/2014;;;;;;;;;;;;;;
seg;23/06/2014;;06:24;12:00;13:00;16:15;;;;;;;;;
ter;24/06/2014;;06:26;12:00;13:00;16:15;;;;;;;;;
qua;25/06/2014;;06:26;12:00;13:00;16:16;;;;;;;;;
Soma;;;;;;;;;;;;;;;
qui;26/06/2014;;06:26;12:00;13:00;16:15;;;;;;;;;
sex;27/06/2014;;06:26;12:00;13:00;16:15;;;;;;;;;
s�b;28/06/2014;;05:00;11:01;11:55;15:56;;;;;;;;;
dom;29/06/2014;;;;;;;;;;;;;;
seg;30/06/2014;;06:29;12:00;13:00;16:16;;;;;;;;;
ter;01/07/2014;;06:28;12:00;13:00;16:15;;;;;;;;;
qua;02/07/2014;;06:27;12:00;13:00;16:15;;;;;;;;;
qui;03/07/2014;;06:29;12:00;13:00;16:15;;;;;;;;;
sex;04/07/2014;;06:21;12:00;13:00;16:15;;;;;;;;;
s�b;05/07/2014;;;;;;;;;;;;;;
dom;06/07/2014;;;;;;;;;;;;;;
seg;07/07/2014;;06:29;12:00;13:00;16:16;;;;;;;;;
ter;08/07/2014;Atestado;;;;;;;;;;;;;
qua;09/07/2014;Atestado;;;;;;;;;;;;;
qui;10/07/2014;Atestado;;;;;;;;;;;;;
sex;11/07/2014;Atestado;;;;;;;;;;;;;
s�b;12/07/2014;Atestado;;;;;;;;;;;;;
dom;13/07/2014;;;;;;;;;;;;;;
seg;14/07/2014;;06:25;12:00;13:00;16:15;;;;;;;;;
ter;15/07/2014;;06:25;12:00;13:00;16:16;;;;;;;;;
qua;16/07/2014;;06:28;12:00;13:00;16:15;;;;;;;;;
qui;17/07/2014;;06:29;12:00;13:00;16:16;;;;;;;;;
sex;18/07/2014;;06:25;12:00;13:00;16:19;;;;;;;;;
s�b;19/07/2014;;;;;;;;;;;;;;
dom;20/07/2014;;;;;;;;;;;;;;
seg;21/07/2014;;06:26;11:30;13:00;16:15;;;;;;;;;
ter;22/07/2014;;06:28;12:00;13:00;16:15;;;;;;;;;
qua;23/07/2014;;06:25;12:00;13:00;16:15;;;;;;;;;
qui;24/07/2014;;06:25;12:00;13:00;16:15;;;;;;;;;
sex;25/07/2014;;07:10;12:00;13:00;16:15;;;;;;;;;
Soma;;;;;;;;;;;;;;;
s�b;26/07/2014;;;;;;;;;;;;;;
dom;27/07/2014;;;;;;;;;;;;;;
seg;28/07/2014;;06:31;12:00;13:00;16:16;;;;;;;;;
ter;29/07/2014;;06:26;11:30;12:55;16:15;;;;;;;;;
qua;30/07/2014;;06:28;12:00;13:00;16:15;;;;;;;;;
qui;31/07/2014;;06:27;12:00;13:00;16:15;;;;;;;;;
sex;01/08/2014;;06:29;12:00;13:00;16:16;;;;;;;;;
s�b;02/08/2014;;;;;;;;;;;;;;
dom;03/08/2014;;;;;;;;;;;;;;
seg;04/08/2014;;06:26;12:00;13:00;16:15;;;;;;;;;
ter;05/08/2014;;06:46;10:57;11:34;16:15;;;;;;;;;
qua;06/08/2014;;06:26;12:00;13:00;16:15;;;;;;;;;
qui;07/08/2014;;06:26;12:00;13:00;16:15;;;;;;;;;
sex;08/08/2014;;06:27;12:00;13:00;16:16;;;;;;;;;
s�b;09/08/2014;;;;;;;;;;;;;;
dom;10/08/2014;;;;;;;;;;;;;;
seg;11/08/2014;;06:28;12:00;13:00;16:15;;;;;;;;;
ter;12/08/2014;;06:27;12:00;13:00;16:16;;;;;;;;;
qua;13/08/2014;;06:28;12:00;13:00;16:15;;;;;;;;;
qui;14/08/2014;;06:27;12:00;13:00;16:15;;;;;;;;;
sex;15/08/2014;;06:26;12:00;13:00;16:15;;;;;;;;;
s�b;16/08/2014;;05:56;10:52;;;;;;;;;;;
dom;17/08/2014;;;;;;;;;;;;;;
seg;18/08/2014;;06:26;11:58;12:54;16:15;;;;;;;;;
ter;19/08/2014;;06:28;12:00;13:00;16:15;;;;;;;;;
qua;20/08/2014;;06:27;12:00;13:00;16:15;;;;;;;;;
qui;21/08/2014;;06:26;12:00;13:00;16:15;;;;;;;;;
sex;22/08/2014;;06:26;12:00;13:00;16:15;;;;;;;;;
s�b;23/08/2014;;05:54;09:41;;;;;;;;;;;
dom;24/08/2014;;;;;;;;;;;;;;
seg;25/08/2014;;06:29;12:00;13:00;16:15;;;;;;;;;
Soma;;;;;;;;;;;;;;;
ter;26/08/2014;;06:26;12:00;13:00;16:15;;;;;;;;;
qua;27/08/2014;;06:26;12:00;13:00;16:15;;;;;;;;;
qui;28/08/2014;;06:27;12:00;13:00;16:16;;;;;;;;;
sex;29/08/2014;;06:26;12:00;13:00;16:15;;;;;;;;;
s�b;30/08/2014;;;;;;;;;;;;;;
dom;31/08/2014;;;;;;;;;;;;;;
seg;01/09/2014;;06:29;12:00;13:00;16:15;;;;;;;;;
ter;02/09/2014;Atestado P.;06:26;12:00;13:00;14:30;;;;;;;;;
qua;03/09/2014;Atestado;;;;;;;;;;;;;
qui;04/09/2014;Atestado;;;;;;;;;;;;;
sex;05/09/2014;Atestado P.;06:25;11:20;;;;;;;;;;;
s�b;06/09/2014;;;;;;;;;;;;;;
dom;07/09/2014;Feriado;;;;;;;;;;;;;
seg;08/09/2014;;06:26;12:00;13:00;16:16;;;;;;;;;
ter;09/09/2014;;06:26;12:00;13:00;16:15;;;;;;;;;
qua;10/09/2014;;06:26;12:00;13:00;16:15;;;;;;;;;
qui;11/09/2014;;06:27;12:00;13:00;16:16;;;;;;;;;
sex;12/09/2014;;06:27;12:00;13:00;16:15;;;;;;;;;
s�b;13/09/2014;;04:58;11:01;11:42;15:25;;;;;;;;;
dom;14/09/2014;;;;;;;;;;;;;;
seg;15/09/2014;;06:27;12:00;13:00;16:16;;;;;;;;;
ter;16/09/2014;;06:27;12:00;13:00;16:20;;;;;;;;;
qua;17/09/2014;;06:26;12:00;13:00;16:15;;;;;;;;;
qui;18/09/2014;;06:26;12:00;13:00;16:16;;;;;;;;;
sex;19/09/2014;;06:28;12:00;13:00;15:02;;;;;;;;;
s�b;20/09/2014;Feriado;;;;;;;;;;;;;
dom;21/09/2014;;;;;;;;;;;;;;
seg;22/09/2014;;06:26;12:00;13:00;16:16;;;;;;;;;
ter;23/09/2014;;06:27;12:00;13:00;16:15;;;;;;;;;
qua;24/09/2014;;06:26;12:00;13:00;16:16;;;;;;;;;
qui;25/09/2014;;06:26;12:00;13:00;16:16;;;;;;;;;
Soma;;;;;;;;;;;;;;;
sex;26/09/2014;;07:06;12:00;13:00;16:15;;;;;;;;;
s�b;27/09/2014;;04:58;08:11;;;;;;;;;;;
dom;28/09/2014;;;;;;;;;;;;;;
seg;29/09/2014;;06:27;12:00;13:00;16:19;;;;;;;;;
ter;30/09/2014;;06:27;11:00;11:46;14:38;;;;;;;;;
qua;01/10/2014;;09:29;12:00;13:00;16:15;;;;;;;;;
qui;02/10/2014;;06:27;12:00;13:00;16:16;;;;;;;;;
sex;03/10/2014;;06:27;12:00;13:00;16:15;;;;;;;;;
s�b;04/10/2014;;;;;;;;;;;;;;
dom;05/10/2014;;;;;;;;;;;;;;
seg;06/10/2014;;06:28;12:00;13:00;16:15;;;;;;;;;
ter;07/10/2014;;06:26;12:00;13:00;16:15;;;;;;;;;
qua;08/10/2014;Atestado;;;;;;;;;;;;;
qui;09/10/2014;Atestado;;;;;;;;;;;;;
sex;10/10/2014;;06:26;12:00;13:00;16:16;;;;;;;;;
s�b;11/10/2014;;;;;;;;;;;;;;
dom;12/10/2014;Feriado;;;;;;;;;;;;;
seg;13/10/2014;;06:26;12:00;13:00;16:15;;;;;;;;;
ter;14/10/2014;;06:28;12:00;13:00;16:19;;;;;;;;;
qua;15/10/2014;;06:28;12:00;13:00;16:15;;;;;;;;;
qui;16/10/2014;;06:26;12:00;13:00;16:16;;;;;;;;;
sex;17/10/2014;;06:26;12:00;13:00;16:16;;;;;;;;;
s�b;18/10/2014;;;;;;;;;;;;;;
dom;19/10/2014;;;;;;;;;;;;;;
seg;20/10/2014;;06:26;12:00;13:00;16:20;;;;;;;;;
ter;21/10/2014;;06:27;12:00;13:00;16:15;;;;;;;;;
qua;22/10/2014;;06:27;10:41;;;;;;;;;;;
qui;23/10/2014;;06:28;12:00;13:00;16:16;;;;;;;;;
sex;24/10/2014;;06:27;12:00;13:00;16:15;;;;;;;;;
s�b;25/10/2014;;;;;;;;;;;;;;
Soma;;;;;;;;;;;;;;;
dom;26/10/2014;;;;;;;;;;;;;;
seg;27/10/2014;;06:26;12:00;13:00;16:16;;;;;;;;;
ter;28/10/2014;;06:27;12:00;13:00;16:16;;;;;;;;;
qua;29/10/2014;;06:27;12:00;13:00;16:15;;;;;;;;;
qui;30/10/2014;;06:26;12:00;13:00;16:16;;;;;;;;;
sex;31/10/2014;;06:27;08:32;10:28;12:00;13:00;16:16;;;;;;;
s�b;01/11/2014;;;;;;;;;;;;;;
dom;02/11/2014;Feriado;;;;;;;;;;;;;
seg;03/11/2014;;06:26;12:00;13:00;16:16;;;;;;;;;
ter;04/11/2014;;06:27;12:00;13:00;16:16;;;;;;;;;
qua;05/11/2014;;06:26;12:00;13:00;16:16;;;;;;;;;
qui;06/11/2014;;06:27;12:15;13:44;16:16;;;;;;;;;
sex;07/11/2014;;06:27;12:00;13:00;16:16;;;;;;;;;
s�b;08/11/2014;;;;;;;;;;;;;;
dom;09/11/2014;;;;;;;;;;;;;;
seg;10/11/2014;;06:28;12:00;13:00;16:16;;;;;;;;;
ter;11/11/2014;;06:27;12:00;13:00;16:16;;;;;;;;;
qua;12/11/2014;;06:27;11:30;12:18;16:16;;;;;;;;;
qui;13/11/2014;;06:27;12:00;13:00;16:16;;;;;;;;;
sex;14/11/2014;;06:27;12:00;13:00;16:16;;;;;;;;;
s�b;15/11/2014;Feriado;;;;;;;;;;;;;
dom;16/11/2014;;;;;;;;;;;;;;
seg;17/11/2014;;06:27;12:00;13:00;16:16;;;;;;;;;
ter;18/11/2014;;06:26;12:00;13:00;16:16;;;;;;;;;
qua;19/11/2014;;06:27;12:00;13:00;16:16;;;;;;;;;
qui;20/11/2014;;06:26;12:00;13:00;16:16;;;;;;;;;
sex;21/11/2014;;06:26;12:00;13:00;16:16;;;;;;;;;
s�b;22/11/2014;;04:51;10:46;11:45;15:52;;;;;;;;;
dom;23/11/2014;;;;;;;;;;;;;;
seg;24/11/2014;;06:27;12:00;13:00;16:16;;;;;;;;;
ter;25/11/2014;;06:26;12:00;13:00;16:16;;;;;;;;;
Soma;;;;;;;;;;;;;;;
qua;26/11/2014;;06:26;12:00;13:00;16:16;;;;;;;;;
qui;27/11/2014;Atestado P.;06:26;12:00;;;;;;;;;;;
sex;28/11/2014;Atestado;;;;;;;;;;;;;
s�b;29/11/2014;;;;;;;;;;;;;;
dom;30/11/2014;;;;;;;;;;;;;;
seg;01/12/2014;;06:26;12:00;13:00;16:16;;;;;;;;;
ter;02/12/2014;;06:26;12:00;13:00;16:16;;;;;;;;;
qua;03/12/2014;;06:26;12:00;13:00;16:16;;;;;;;;;
qui;04/12/2014;;06:26;12:00;13:00;16:16;;;;;;;;;
sex;05/12/2014;;06:26;12:00;13:00;16:16;;;;;;;;;
s�b;06/12/2014;;;;;;;;;;;;;;
dom;07/12/2014;;;;;;;;;;;;;;
seg;08/12/2014;;06:26;12:00;13:00;16:16;;;;;;;;;
ter;09/12/2014;;06:26;12:00;13:00;16:16;;;;;;;;;
qua;10/12/2014;;06:26;12:00;13:00;16:16;;;;;;;;;
qui;11/12/2014;;06:30;12:00;13:00;16:16;;;;;;;;;
sex;12/12/2014;;06:26;12:00;13:00;16:16;;;;;;;;;
s�b;13/12/2014;;04:54;10:47;;;;;;;;;;;
dom;14/12/2014;;;;;;;;;;;;;;
seg;15/12/2014;;06:26;12:00;13:00;16:16;;;;;;;;;
ter;16/12/2014;;06:26;12:00;13:00;16:16;;;;;;;;;
qua;17/12/2014;;06:26;12:00;13:00;16:16;;;;;;;;;
qui;18/12/2014;;06:27;12:00;13:00;16:16;;;;;;;;;
sex;19/12/2014;;07:10;12:00;13:00;16:16;;;;;;;;;
s�b;20/12/2014;;;;;;;;;;;;;;
dom;21/12/2014;;;;;;;;;;;;;;
seg;22/12/2014;ferias;;;;;;;;;;;;;
ter;23/12/2014;ferias;;;;;;;;;;;;;
qua;24/12/2014;ferias;;;;;;;;;;;;;
qui;25/12/2014;ferias;;;;;;;;;;;;;
Soma;;;;;;;;;;;;;;;
sex;26/12/2014;ferias;;;;;;;;;;;;;
s�b;27/12/2014;ferias;;;;;;;;;;;;;
dom;28/12/2014;ferias;;;;;;;;;;;;;
seg;29/12/2014;ferias;;;;;;;;;;;;;
ter;30/12/2014;ferias;;;;;;;;;;;;;
qua;31/12/2014;ferias;;;;;;;;;;;;;
qui;01/01/2015;ferias;;;;;;;;;;;;;
sex;02/01/2015;ferias;;;;;;;;;;;;;
s�b;03/01/2015;ferias;;;;;;;;;;;;;
dom;04/01/2015;ferias;;;;;;;;;;;;;
seg;05/01/2015;ferias;;;;;;;;;;;;;
ter;06/01/2015;ferias;;;;;;;;;;;;;
qua;07/01/2015;ferias;;;;;;;;;;;;;
qui;08/01/2015;ferias;;;;;;;;;;;;;
sex;09/01/2015;ferias;;;;;;;;;;;;;
s�b;10/01/2015;ferias;;;;;;;;;;;;;
dom;11/01/2015;;;;;;;;;;;;;;
seg;12/01/2015;;06:28;12:00;13:00;16:16;;;;;;;;;
ter;13/01/2015;;06:26;12:00;13:00;16:16;;;;;;;;;
qua;14/01/2015;;06:26;12:00;13:00;16:16;;;;;;;;;
qui;15/01/2015;;06:27;12:00;13:00;16:16;;;;;;;;;
sex;16/01/2015;;06:28;12:00;13:00;16:16;;;;;;;;;
s�b;17/01/2015;;;;;;;;;;;;;;
dom;18/01/2015;;;;;;;;;;;;;;
seg;19/01/2015;;06:27;12:00;13:00;16:16;;;;;;;;;
ter;20/01/2015;;06:26;12:00;13:00;16:16;;;;;;;;;
qua;21/01/2015;;06:26;12:00;13:00;16:15;;;;;;;;;
qui;22/01/2015;;06:26;12:00;13:00;16:16;;;;;;;;;
sex;23/01/2015;;06:26;12:00;13:00;16:16;;;;;;;;;
s�b;24/01/2015;;04:59;10:54;11:46;15:19;;;;;;;;;
dom;25/01/2015;;;;;;;;;;;;;;
Soma;;;;;;;;;;;;;;;
seg;26/01/2015;;06:26;12:00;13:00;16:16;;;;;;;;;
ter;27/01/2015;;06:27;12:00;13:00;16:15;;;;;;;;;
qua;28/01/2015;;06:27;12:00;13:00;16:16;;;;;;;;;
qui;29/01/2015;;06:27;12:00;13:00;16:16;;;;;;;;;
sex;30/01/2015;;06:27;12:00;13:00;16:16;;;;;;;;;
s�b;31/01/2015;;04:53;10:58;;;;;;;;;;;
dom;01/02/2015;;;;;;;;;;;;;;
seg;02/02/2015;;06:26;12:00;13:00;16:19;;;;;;;;;
ter;03/02/2015;;06:26;12:00;13:00;16:16;;;;;;;;;
qua;04/02/2015;;06:26;12:00;13:00;16:16;;;;;;;;;
qui;05/02/2015;;06:27;12:00;13:00;16:16;;;;;;;;;
sex;06/02/2015;;06:28;12:00;13:00;16:16;;;;;;;;;
s�b;07/02/2015;;;;;;;;;;;;;;
dom;08/02/2015;;;;;;;;;;;;;;
seg;09/02/2015;;06:27;12:00;13:00;16:15;;;;;;;;;
ter;10/02/2015;;06:27;12:00;13:00;16:16;;;;;;;;;
qua;11/02/2015;;06:27;12:00;13:00;16:15;;;;;;;;;
qui;12/02/2015;;07:16;09:06;09:54;12:00;13:00;16:16;;;;;;;
sex;13/02/2015;;06:27;12:00;13:00;16:16;;;;;;;;;
s�b;14/02/2015;;;;;;;;;;;;;;
dom;15/02/2015;;;;;;;;;;;;;;
seg;16/02/2015;;06:28;12:00;13:00;16:16;;;;;;;;;
ter;17/02/2015;Feriado;06:26;12:00;13:00;16:16;;;;;;;;;
qua;18/02/2015;;06:26;12:00;13:00;16:16;;;;;;;;;
qui;19/02/2015;;06:27;12:00;13:00;16:16;;;;;;;;;
sex;20/02/2015;;07:15;12:00;13:00;16:14;;;;;;;;;
s�b;21/02/2015;;;;;;;;;;;;;;
dom;22/02/2015;;;;;;;;;;;;;;
seg;23/02/2015;;06:25;12:00;13:00;16:16;;;;;;;;;
ter;24/02/2015;;06:25;12:00;13:00;16:15;;;;;;;;;
qua;25/02/2015;;06:27;12:00;13:00;16:16;;;;;;;;;
Soma;;;;;;;;;;;;;;;
qui;26/02/2015;Atestado;;;;;;;;;;;;;
sex;27/02/2015;;06:26;12:00;13:00;16:15;;;;;;;;;
s�b;28/02/2015;;04:57;11:01;11:57;14:56;;;;;;;;;
dom;01/03/2015;;;;;;;;;;;;;;
seg;02/03/2015;;06:26;12:00;13:00;16:16;;;;;;;;;
ter;03/03/2015;;06:26;12:00;13:00;16:16;;;;;;;;;
qua;04/03/2015;;06:26;12:00;13:00;16:16;;;;;;;;;
qui;05/03/2015;;06:27;12:00;;;;;;;;;;;
Soma;;;;;;;;;;;;;;;
