ter;12/02/2013;Feriado;07:15;11:48;12:57;17:32;;;;;;;;;
qua;13/02/2013;;07:10;11:46;12:56;17:31;;;;;;;;;
qui;14/02/2013;;07:10;11:46;12:55;19:00;;;;;;;;;
sex;15/02/2013;;07:10;11:46;12:55;19:00;;;;;;;;;
s�b;16/02/2013;;06:32;11:36;;;;;;;;;;;
dom;17/02/2013;;;;;;;;;;;;;;
seg;18/02/2013;;07:10;11:47;12:55;19:01;;;;;;;;;
ter;19/02/2013;;07:10;11:46;12:55;19:00;;;;;;;;;
qua;20/02/2013;;07:10;11:47;12:55;19:00;;;;;;;;;
qui;21/02/2013;;07:10;11:47;12:55;19:00;;;;;;;;;
sex;22/02/2013;;07:10;11:47;12:55;19:00;;;;;;;;;
s�b;23/02/2013;;06:32;11:03;;;;;;;;;;;
dom;24/02/2013;;;;;;;;;;;;;;
seg;25/02/2013;;07:10;11:46;12:55;17:32;;;;;;;;;
Soma;;;;;;;;;;;;;;;
ter;26/02/2013;;07:10;11:47;12:55;17:31;;;;;;;;;
qua;27/02/2013;;07:10;11:47;12:55;17:32;;;;;;;;;
qui;28/02/2013;;07:10;11:46;12:55;17:32;;;;;;;;;
sex;01/03/2013;;07:10;11:46;12:55;16:31;;;;;;;;;
s�b;02/03/2013;;;;;;;;;;;;;;
dom;03/03/2013;;;;;;;;;;;;;;
seg;04/03/2013;;07:10;11:47;12:55;19:07;;;;;;;;;
ter;05/03/2013;;07:10;11:47;12:55;19:00;;;;;;;;;
qua;06/03/2013;;07:10;11:46;12:55;19:00;;;;;;;;;
qui;07/03/2013;;07:10;11:47;12:55;19:01;;;;;;;;;
sex;08/03/2013;;07:10;11:46;12:55;18:58;;;;;;;;;
s�b;09/03/2013;;06:33;11:01;;;;;;;;;;;
dom;10/03/2013;;;;;;;;;;;;;;
seg;11/03/2013;;07:10;11:46;12:55;19:02;;;;;;;;;
ter;12/03/2013;;07:11;11:46;12:55;17:31;;;;;;;;;
qua;13/03/2013;;07:10;11:46;12:55;19:00;;;;;;;;;
qui;14/03/2013;;07:10;11:47;12:55;17:31;;;;;;;;;
sex;15/03/2013;;07:10;11:47;12:55;19:00;;;;;;;;;
s�b;16/03/2013;;06:34;11:26;;;;;;;;;;;
dom;17/03/2013;;;;;;;;;;;;;;
seg;18/03/2013;;07:10;11:47;12:55;19:00;;;;;;;;;
ter;19/03/2013;;07:10;11:46;12:55;19:00;;;;;;;;;
qua;20/03/2013;;07:10;11:46;12:55;19:00;;;;;;;;;
qui;21/03/2013;;07:10;11:46;12:55;15:30;;;;;;;;;
sex;22/03/2013;;07:10;11:46;12:55;16:31;;;;;;;;;
s�b;23/03/2013;;;;;;;;;;;;;;
dom;24/03/2013;;;;;;;;;;;;;;
Soma;;;;;;;;;;;;;;;
seg;25/03/2013;;07:10;11:46;12:55;18:56;;;;;;;;;
ter;26/03/2013;;07:10;11:46;12:55;17:31;;;;;;;;;
qua;27/03/2013;;07:10;11:46;12:55;18:50;;;;;;;;;
qui;28/03/2013;;07:10;11:45;12:55;17:30;;;;;;;;;
sex;29/03/2013;Feriado;;;;;;;;;;;;;
s�b;30/03/2013;;;;;;;;;;;;;;
dom;31/03/2013;;;;;;;;;;;;;;
seg;01/04/2013;;07:10;11:47;12:55;18:48;;;;;;;;;
ter;02/04/2013;;07:10;11:46;12:55;17:31;;;;;;;;;
qua;03/04/2013;;07:10;11:46;12:55;18:45;;;;;;;;;
qui;04/04/2013;;07:10;11:47;12:55;17:31;;;;;;;;;
sex;05/04/2013;;07:10;11:46;12:55;18:44;;;;;;;;;
s�b;06/04/2013;;06:41;09:55;;;;;;;;;;;
dom;07/04/2013;;;;;;;;;;;;;;
seg;08/04/2013;;07:10;11:46;12:55;17:32;;;;;;;;;
ter;09/04/2013;;07:10;11:47;12:55;18:47;;;;;;;;;
qua;10/04/2013;;07:10;11:46;12:55;18:47;;;;;;;;;
qui;11/04/2013;;07:10;11:47;12:55;17:31;;;;;;;;;
sex;12/04/2013;;07:10;11:47;12:56;16:32;;;;;;;;;
s�b;13/04/2013;;;;;;;;;;;;;;
dom;14/04/2013;;;;;;;;;;;;;;
seg;15/04/2013;Atestado;;;;;;;;;;;;;
ter;16/04/2013;;07:10;11:47;12:55;18:53;;;;;;;;;
qua;17/04/2013;;07:10;08:47;;;;;;;;;;;
qui;18/04/2013;;07:10;11:47;12:55;18:53;;;;;;;;;
sex;19/04/2013;;07:10;11:46;12:55;13:47;;;;;;;;;
s�b;20/04/2013;;;;;;;;;;;;;;
dom;21/04/2013;Feriado;;;;;;;;;;;;;
seg;22/04/2013;;07:11;11:46;12:55;18:48;;;;;;;;;
ter;23/04/2013;;07:10;11:46;12:55;18:37;;;;;;;;;
qua;24/04/2013;;07:11;11:47;12:55;18:42;;;;;;;;;
qui;25/04/2013;;07:11;11:47;12:55;18:40;;;;;;;;;
Soma;;;;;;;;;;;;;;;
sex;26/04/2013;;07:10;11:47;12:55;16:31;;;;;;;;;
s�b;27/04/2013;;;;;;;;;;;;;;
dom;28/04/2013;;;;;;;;;;;;;;
seg;29/04/2013;;07:11;11:47;12:55;17:31;;;;;;;;;
ter;30/04/2013;;07:10;11:46;12:55;17:31;;;;;;;;;
qua;01/05/2013;Feriado;;;;;;;;;;;;;
qui;02/05/2013;;07:10;11:46;12:55;18:45;;;;;;;;;
sex;03/05/2013;;07:10;11:46;12:56;16:33;;;;;;;;;
s�b;04/05/2013;;;;;;;;;;;;;;
dom;05/05/2013;;;;;;;;;;;;;;
seg;06/05/2013;;07:10;11:47;12:55;17:32;;;;;;;;;
ter;07/05/2013;;07:10;11:46;12:55;14:58;;;;;;;;;
qua;08/05/2013;;07:10;11:47;12:55;17:31;;;;;;;;;
qui;09/05/2013;;07:10;11:46;12:55;18:50;;;;;;;;;
sex;10/05/2013;;07:10;11:47;12:55;18:46;;;;;;;;;
s�b;11/05/2013;;06:33;10:19;;;;;;;;;;;
dom;12/05/2013;;;;;;;;;;;;;;
seg;13/05/2013;;07:10;11:46;12:55;18:52;;;;;;;;;
ter;14/05/2013;;07:10;11:46;12:55;18:47;;;;;;;;;
qua;15/05/2013;;07:10;11:46;12:55;18:44;;;;;;;;;
qui;16/05/2013;;07:10;11:46;12:55;17:31;;;;;;;;;
sex;17/05/2013;;07:10;11:47;12:55;18:48;;;;;;;;;
s�b;18/05/2013;;06:39;11:37;12:40;14:53;;;;;;;;;
dom;19/05/2013;;;;;;;;;;;;;;
seg;20/05/2013;;07:10;11:47;12:55;17:31;;;;;;;;;
ter;21/05/2013;;07:10;11:47;12:55;18:48;;;;;;;;;
qua;22/05/2013;;07:10;11:46;12:55;18:44;;;;;;;;;
qui;23/05/2013;;07:10;11:46;12:55;18:51;;;;;;;;;
sex;24/05/2013;;07:10;11:46;12:55;18:39;;;;;;;;;
s�b;25/05/2013;;;;;;;;;;;;;;
Soma;;;;;;;;;;;;;;;
dom;26/05/2013;Feriado;;;;;;;;;;;;;
seg;27/05/2013;;07:10;11:47;12:55;18:36;;;;;;;;;
ter;28/05/2013;;07:10;11:46;12:55;18:32;;;;;;;;;
qua;29/05/2013;;07:10;11:47;12:55;17:31;;;;;;;;;
qui;30/05/2013;Feriado;;;;;;;;;;;;;
sex;31/05/2013;;07:10;11:45;12:55;18:29;;;;;;;;;
s�b;01/06/2013;;06:43;11:27;;;;;;;;;;;
dom;02/06/2013;;;;;;;;;;;;;;
seg;03/06/2013;;07:10;11:47;12:55;18:31;;;;;;;;;
ter;04/06/2013;;07:10;11:46;12:55;17:31;;;;;;;;;
qua;05/06/2013;;07:10;11:47;12:55;15:02;;;;;;;;;
qui;06/06/2013;;07:10;11:46;12:55;18:31;;;;;;;;;
sex;07/06/2013;;07:10;11:47;12:55;18:31;;;;;;;;;
s�b;08/06/2013;;06:32;11:32;;;;;;;;;;;
dom;09/06/2013;;;;;;;;;;;;;;
seg;10/06/2013;;07:10;11:48;12:55;16:30;;;;;;;;;
ter;11/06/2013;;07:10;11:47;12:55;18:34;;;;;;;;;
qua;12/06/2013;;07:10;11:47;12:55;17:32;;;;;;;;;
qui;13/06/2013;;07:10;11:46;12:55;18:30;;;;;;;;;
sex;14/06/2013;;07:10;11:47;12:55;18:51;;;;;;;;;
s�b;15/06/2013;;06:35;11:30;;;;;;;;;;;
dom;16/06/2013;;;;;;;;;;;;;;
seg;17/06/2013;;07:10;11:47;12:55;17:31;;;;;;;;;
ter;18/06/2013;;07:10;11:46;12:55;17:31;;;;;;;;;
qua;19/06/2013;;07:10;11:47;12:55;17:00;;;;;;;;;
qui;20/06/2013;;07:10;11:46;;;;;;;;;;;
sex;21/06/2013;;07:10;11:46;12:55;18:30;;;;;;;;;
s�b;22/06/2013;;06:41;11:36;12:44;14:55;;;;;;;;;
dom;23/06/2013;;;;;;;;;;;;;;
seg;24/06/2013;;07:10;11:47;12:55;18:47;;;;;;;;;
ter;25/06/2013;;07:10;11:46;12:55;18:31;;;;;;;;;
Soma;;;;;;;;;;;;;;;
qua;26/06/2013;;07:10;11:46;12:56;17:31;;;;;;;;;
qui;27/06/2013;;07:12;11:46;12:55;17:31;;;;;;;;;
sex;28/06/2013;Atestado;;;;;;;;;;;;;
s�b;29/06/2013;;;;;;;;;;;;;;
dom;30/06/2013;;;;;;;;;;;;;;
seg;01/07/2013;;07:13;11:47;12:55;13:41;;;;;;;;;
ter;02/07/2013;;07:10;11:46;12:55;17:31;;;;;;;;;
qua;03/07/2013;;07:10;11:47;12:55;15:05;;;;;;;;;
qui;04/07/2013;;07:10;11:47;12:55;18:39;;;;;;;;;
sex;05/07/2013;;07:10;11:46;12:56;16:31;;;;;;;;;
s�b;06/07/2013;;06:34;10:37;;;;;;;;;;;
dom;07/07/2013;;;;;;;;;;;;;;
seg;08/07/2013;;07:10;11:46;12:56;17:31;;;;;;;;;
ter;09/07/2013;;07:10;11:46;12:55;13:46;;;;;;;;;
qua;10/07/2013;;07:10;11:47;12:55;18:30;;;;;;;;;
qui;11/07/2013;;12:55;18:29;;;;;;;;;;;
sex;12/07/2013;;07:10;11:46;12:55;18:41;;;;;;;;;
s�b;13/07/2013;;06:39;11:14;;;;;;;;;;;
dom;14/07/2013;;;;;;;;;;;;;;
seg;15/07/2013;;07:10;11:46;12:55;18:29;;;;;;;;;
ter;16/07/2013;;07:10;11:47;12:55;17:31;;;;;;;;;
qua;17/07/2013;;07:10;11:47;12:55;18:33;;;;;;;;;
qui;18/07/2013;;07:10;11:47;12:55;18:31;;;;;;;;;
sex;19/07/2013;;07:10;11:46;12:55;18:33;;;;;;;;;
s�b;20/07/2013;;06:36;11:03;;;;;;;;;;;
dom;21/07/2013;;;;;;;;;;;;;;
seg;22/07/2013;;07:10;11:46;12:55;18:31;;;;;;;;;
ter;23/07/2013;;07:10;11:48;12:55;17:31;;;;;;;;;
qua;24/07/2013;;07:10;11:47;12:55;18:41;;;;;;;;;
qui;25/07/2013;;07:10;11:47;12:55;18:32;;;;;;;;;
Soma;;;;;;;;;;;;;;;
sex;26/07/2013;;07:10;11:46;12:55;18:28;;;;;;;;;
s�b;27/07/2013;;06:36;11:32;;;;;;;;;;;
dom;28/07/2013;;;;;;;;;;;;;;
seg;29/07/2013;;07:10;11:46;12:55;17:31;;;;;;;;;
ter;30/07/2013;;07:10;11:46;12:55;18:34;;;;;;;;;
qua;31/07/2013;;07:10;11:46;12:55;15:25;;;;;;;;;
qui;01/08/2013;;07:10;11:46;12:55;17:32;;;;;;;;;
sex;02/08/2013;;12:55;18:30;;;;;;;;;;;
s�b;03/08/2013;;06:36;11:20;;;;;;;;;;;
dom;04/08/2013;;;;;;;;;;;;;;
seg;05/08/2013;;07:10;11:46;12:55;18:31;;;;;;;;;
ter;06/08/2013;;07:10;11:46;12:55;18:31;;;;;;;;;
qua;07/08/2013;;07:10;11:46;12:55;18:32;;;;;;;;;
qui;08/08/2013;;07:10;11:46;12:55;18:31;;;;;;;;;
sex;09/08/2013;Atestado P.;07:10;11:46;;;;;;;;;;;
s�b;10/08/2013;;06:42;11:29;;;;;;;;;;;
dom;11/08/2013;;;;;;;;;;;;;;
seg;12/08/2013;;07:10;11:47;13:37;17:32;;;;;;;;;
ter;13/08/2013;;07:10;11:46;12:55;17:31;;;;;;;;;
qua;14/08/2013;;07:10;11:46;12:55;18:30;;;;;;;;;
qui;15/08/2013;;07:10;11:47;12:56;18:42;;;;;;;;;
sex;16/08/2013;;07:10;11:47;12:55;18:33;;;;;;;;;
s�b;17/08/2013;;06:36;11:32;;;;;;;;;;;
dom;18/08/2013;;;;;;;;;;;;;;
seg;19/08/2013;;07:10;11:47;12:55;17:31;;;;;;;;;
ter;20/08/2013;;07:10;11:46;12:55;17:32;;;;;;;;;
qua;21/08/2013;;07:10;11:47;12:56;17:32;;;;;;;;;
qui;22/08/2013;;07:10;11:47;12:55;17:32;;;;;;;;;
sex;23/08/2013;Atestado P.;08:45;11:46;12:58;16:31;;;;;;;;;
s�b;24/08/2013;;;;;;;;;;;;;;
dom;25/08/2013;;;;;;;;;;;;;;
Soma;;;;;;;;;;;;;;;
seg;26/08/2013;Atestado;;;;;;;;;;;;;
ter;27/08/2013;;07:10;11:46;12:55;17:31;;;;;;;;;
qua;28/08/2013;;07:10;11:46;12:55;17:31;;;;;;;;;
qui;29/08/2013;;07:10;11:46;12:55;17:31;;;;;;;;;
sex;30/08/2013;;07:10;11:46;12:55;14:54;;;;;;;;;
s�b;31/08/2013;;;;;;;;;;;;;;
dom;01/09/2013;;;;;;;;;;;;;;
seg;02/09/2013;Atestado P.;07:10;11:49;;;;;;;;;;;
ter;03/09/2013;;07:10;11:47;12:56;17:31;;;;;;;;;
qua;04/09/2013;;07:10;11:47;12:58;17:32;;;;;;;;;
qui;05/09/2013;;07:10;11:47;12:56;17:31;;;;;;;;;
sex;06/09/2013;;07:10;11:47;12:55;16:30;;;;;;;;;
s�b;07/09/2013;Feriado;;;;;;;;;;;;;
dom;08/09/2013;;;;;;;;;;;;;;
seg;09/09/2013;;07:10;11:47;12:55;17:32;;;;;;;;;
ter;10/09/2013;Atestado P.;07:10;11:48;12:55;14:50;;;;;;;;;
qua;11/09/2013;;07:10;11:47;12:55;17:31;;;;;;;;;
qui;12/09/2013;;07:10;11:47;12:55;17:31;;;;;;;;;
sex;13/09/2013;;07:10;11:47;12:55;16:31;;;;;;;;;
s�b;14/09/2013;;;;;;;;;;;;;;
dom;15/09/2013;;;;;;;;;;;;;;
seg;16/09/2013;;07:10;11:46;12:55;17:31;;;;;;;;;
ter;17/09/2013;;07:10;11:47;12:55;17:31;;;;;;;;;
qua;18/09/2013;;07:10;11:46;14:59;17:31;;;;;;;;;
qui;19/09/2013;;07:10;11:46;12:55;17:30;;;;;;;;;
sex;20/09/2013;Feriado;;;;;;;;;;;;;
s�b;21/09/2013;;;;;;;;;;;;;;
dom;22/09/2013;;;;;;;;;;;;;;
seg;23/09/2013;;07:10;11:47;12:56;17:31;;;;;;;;;
ter;24/09/2013;;07:10;11:48;12:57;16:31;;;;;;;;;
qua;25/09/2013;;07:13;11:47;12:55;17:31;;;;;;;;;
Soma;;;;;;;;;;;;;;;
qui;26/09/2013;;07:10;11:47;12:55;17:31;;;;;;;;;
sex;27/09/2013;;07:10;11:47;12:55;16:31;;;;;;;;;
s�b;28/09/2013;;;;;;;;;;;;;;
dom;29/09/2013;;;;;;;;;;;;;;
seg;30/09/2013;;07:10;11:46;12:55;17:31;;;;;;;;;
ter;01/10/2013;;07:11;11:46;12:55;17:31;;;;;;;;;
qua;02/10/2013;;07:10;11:47;12:55;17:30;;;;;;;;;
qui;03/10/2013;;07:10;11:46;12:55;18:51;;;;;;;;;
sex;04/10/2013;;07:10;11:47;12:55;14:26;;;;;;;;;
s�b;05/10/2013;;;;;;;;;;;;;;
dom;06/10/2013;;;;;;;;;;;;;;
seg;07/10/2013;;07:10;11:47;12:55;18:50;;;;;;;;;
ter;08/10/2013;;07:10;11:47;12:55;18:52;;;;;;;;;
qua;09/10/2013;;07:10;11:47;12:56;18:48;;;;;;;;;
qui;10/10/2013;;07:10;11:47;12:55;18:47;;;;;;;;;
sex;11/10/2013;;07:10;11:47;12:55;18:33;;;;;;;;;
s�b;12/10/2013;Feriado;;;;;;;;;;;;;
dom;13/10/2013;;;;;;;;;;;;;;
seg;14/10/2013;;07:10;11:47;12:55;18:50;;;;;;;;;
ter;15/10/2013;;07:10;11:45;12:55;18:48;;;;;;;;;
qua;16/10/2013;;07:10;11:47;12:55;17:31;;;;;;;;;
qui;17/10/2013;;07:10;11:47;12:55;18:29;;;;;;;;;
sex;18/10/2013;;07:10;11:46;12:55;16:31;;;;;;;;;
s�b;19/10/2013;;;;;;;;;;;;;;
dom;20/10/2013;;;;;;;;;;;;;;
seg;21/10/2013;;07:12;11:47;12:55;17:31;;;;;;;;;
ter;22/10/2013;;07:10;11:46;12:55;17:31;;;;;;;;;
qua;23/10/2013;;07:10;11:46;12:55;17:31;;;;;;;;;
qui;24/10/2013;Atestado;;;;;;;;;;;;;
sex;25/10/2013;Atestado;;;;;;;;;;;;;
Soma;;;;;;;;;;;;;;;
s�b;26/10/2013;;;;;;;;;;;;;;
dom;27/10/2013;;;;;;;;;;;;;;
seg;28/10/2013;;07:10;11:47;12:55;17:31;;;;;;;;;
ter;29/10/2013;;07:10;11:47;12:57;17:30;;;;;;;;;
qua;30/10/2013;;07:10;11:45;12:55;17:31;;;;;;;;;
qui;31/10/2013;Atestado;;;;;;;;;;;;;
sex;01/11/2013;;07:10;11:48;12:55;16:30;;;;;;;;;
s�b;02/11/2013;Feriado;;;;;;;;;;;;;
dom;03/11/2013;;;;;;;;;;;;;;
seg;04/11/2013;;07:10;11:47;12:55;17:31;;;;;;;;;
ter;05/11/2013;;07:10;11:47;12:55;17:31;;;;;;;;;
qua;06/11/2013;;07:11;11:46;12:55;14:40;;;;;;;;;
qui;07/11/2013;;07:10;11:47;12:55;17:31;;;;;;;;;
sex;08/11/2013;;07:11;11:46;12:55;16:31;;;;;;;;;
s�b;09/11/2013;;;;;;;;;;;;;;
dom;10/11/2013;;;;;;;;;;;;;;
seg;11/11/2013;;07:10;11:46;12:55;17:31;;;;;;;;;
ter;12/11/2013;;07:10;11:47;12:55;17:31;;;;;;;;;
qua;13/11/2013;;07:10;11:47;12:55;17:31;;;;;;;;;
qui;14/11/2013;;07:10;11:47;12:55;17:30;;;;;;;;;
sex;15/11/2013;Feriado;;;;;;;;;;;;;
s�b;16/11/2013;;;;;;;;;;;;;;
dom;17/11/2013;;;;;;;;;;;;;;
seg;18/11/2013;;07:10;11:47;12:56;17:31;;;;;;;;;
ter;19/11/2013;;07:10;11:47;12:57;17:31;;;;;;;;;
qua;20/11/2013;;07:10;11:47;12:55;17:31;;;;;;;;;
qui;21/11/2013;;07:10;11:47;12:55;17:31;;;;;;;;;
sex;22/11/2013;;07:10;11:47;12:55;16:31;;;;;;;;;
s�b;23/11/2013;;;;;;;;;;;;;;
dom;24/11/2013;;;;;;;;;;;;;;
seg;25/11/2013;;07:10;11:47;12:56;17:31;;;;;;;;;
Soma;;;;;;;;;;;;;;;
ter;26/11/2013;;07:10;11:47;12:55;17:31;;;;;;;;;
qua;27/11/2013;;07:10;11:47;12:55;17:31;;;;;;;;;
qui;28/11/2013;Atestado P.;07:10;11:47;12:56;14:26;;;;;;;;;
sex;29/11/2013;;07:10;11:46;12:55;16:30;;;;;;;;;
s�b;30/11/2013;;;;;;;;;;;;;;
dom;01/12/2013;;;;;;;;;;;;;;
seg;02/12/2013;Atestado;;;;;;;;;;;;;
ter;03/12/2013;;07:10;11:47;13:38;17:32;;;;;;;;;
qua;04/12/2013;;07:10;11:47;12:55;17:31;;;;;;;;;
qui;05/12/2013;;07:10;11:47;12:55;17:30;;;;;;;;;
sex;06/12/2013;;07:10;11:46;12:55;18:54;;;;;;;;;
s�b;07/12/2013;;06:35;11:00;;;;;;;;;;;
dom;08/12/2013;;;;;;;;;;;;;;
seg;09/12/2013;;07:10;11:48;12:55;17:31;;;;;;;;;
ter;10/12/2013;;07:10;11:47;12:55;17:31;;;;;;;;;
qua;11/12/2013;;07:10;11:46;13:37;18:45;;;;;;;;;
qui;12/12/2013;;07:10;11:46;12:55;18:49;;;;;;;;;
sex;13/12/2013;;07:10;11:47;12:55;18:46;;;;;;;;;
s�b;14/12/2013;;06:37;10:49;;;;;;;;;;;
dom;15/12/2013;;;;;;;;;;;;;;
seg;16/12/2013;;07:10;11:46;12:55;18:46;;;;;;;;;
ter;17/12/2013;;07:10;11:47;12:55;17:30;;;;;;;;;
Soma;;;;;;;;;;;;;;;
qua;18/12/2013;;07:10;11:47;12:55;17:31;;;;;;;;;
qui;19/12/2013;;07:12;11:46;12:55;17:30;;;;;;;;;
sex;20/12/2013;;07:10;11:46;;;;;;;;;;;
s�b;21/12/2013;;;;;;;;;;;;;;
dom;22/12/2013;;;;;;;;;;;;;;
seg;23/12/2013;ferias;;;;;;;;;;;;;
ter;24/12/2013;ferias;;;;;;;;;;;;;
qua;25/12/2013;ferias;;;;;;;;;;;;;
qui;26/12/2013;ferias;;;;;;;;;;;;;
sex;27/12/2013;ferias;;;;;;;;;;;;;
s�b;28/12/2013;ferias;;;;;;;;;;;;;
dom;29/12/2013;ferias;;;;;;;;;;;;;
seg;30/12/2013;ferias;;;;;;;;;;;;;
ter;31/12/2013;ferias;;;;;;;;;;;;;
qua;01/01/2014;ferias;;;;;;;;;;;;;
qui;02/01/2014;ferias;;;;;;;;;;;;;
sex;03/01/2014;ferias;;;;;;;;;;;;;
s�b;04/01/2014;ferias;;;;;;;;;;;;;
dom;05/01/2014;ferias;;;;;;;;;;;;;
seg;06/01/2014;ferias;;;;;;;;;;;;;
ter;07/01/2014;ferias;;;;;;;;;;;;;
qua;08/01/2014;ferias;;;;;;;;;;;;;
qui;09/01/2014;ferias;;;;;;;;;;;;;
sex;10/01/2014;ferias;;;;;;;;;;;;;
s�b;11/01/2014;ferias;;;;;;;;;;;;;
dom;12/01/2014;ferias;;;;;;;;;;;;;
seg;13/01/2014;ferias;;;;;;;;;;;;;
ter;14/01/2014;ferias;;;;;;;;;;;;;
qua;15/01/2014;ferias;;;;;;;;;;;;;
qui;16/01/2014;ferias;;;;;;;;;;;;;
sex;17/01/2014;;07:10;11:47;12:55;17:30;;;;;;;;;
s�b;18/01/2014;;;;;;;;;;;;;;
dom;19/01/2014;;;;;;;;;;;;;;
seg;20/01/2014;;07:10;11:48;12:55;17:31;;;;;;;;;
ter;21/01/2014;;07:10;11:48;12:55;17:31;;;;;;;;;
qua;22/01/2014;;07:10;11:47;12:55;17:32;;;;;;;;;
qui;23/01/2014;;07:11;11:47;12:56;17:32;;;;;;;;;
sex;24/01/2014;;07:10;11:47;12:55;18:43;;;;;;;;;
s�b;25/01/2014;;06:38;11:08;;;;;;;;;;;
Soma;;;;;;;;;;;;;;;
dom;26/01/2014;;;;;;;;;;;;;;
seg;27/01/2014;;07:10;11:47;12:56;18:41;;;;;;;;;
ter;28/01/2014;;07:10;11:48;12:56;18:46;;;;;;;;;
qua;29/01/2014;;07:10;11:47;12:55;18:46;;;;;;;;;
qui;30/01/2014;;07:10;11:48;12:55;18:40;;;;;;;;;
sex;31/01/2014;;07:10;11:47;12:55;18:47;;;;;;;;;
s�b;01/02/2014;;06:35;10:45;;;;;;;;;;;
dom;02/02/2014;;;;;;;;;;;;;;
seg;03/02/2014;;07:10;11:48;12:58;18:46;;;;;;;;;
ter;04/02/2014;;07:10;11:48;12:55;18:47;;;;;;;;;
qua;05/02/2014;;07:11;11:47;12:56;18:29;;;;;;;;;
qui;06/02/2014;;07:11;11:47;12:55;16:25;;;;;;;;;
sex;07/02/2014;;07:10;11:47;12:55;18:48;;;;;;;;;
s�b;08/02/2014;;06:36;10:50;;;;;;;;;;;
dom;09/02/2014;;;;;;;;;;;;;;
seg;10/02/2014;;07:10;11:47;13:37;18:49;;;;;;;;;
ter;11/02/2014;;07:10;11:47;12:55;18:45;;;;;;;;;
qua;12/02/2014;;07:10;11:48;12:55;18:52;;;;;;;;;
qui;13/02/2014;;07:10;11:47;12:55;18:45;;;;;;;;;
sex;14/02/2014;;07:10;11:47;12:55;18:48;;;;;;;;;
s�b;15/02/2014;;06:33;10:57;;;;;;;;;;;
dom;16/02/2014;;;;;;;;;;;;;;
seg;17/02/2014;;07:10;11:48;12:55;18:52;;;;;;;;;
ter;18/02/2014;;07:10;11:47;12:56;18:56;;;;;;;;;
qua;19/02/2014;;08:40;11:48;12:56;18:52;;;;;;;;;
qui;20/02/2014;;07:10;11:48;12:55;18:51;;;;;;;;;
sex;21/02/2014;;07:10;11:48;12:55;18:52;;;;;;;;;
s�b;22/02/2014;;06:32;10:29;;;;;;;;;;;
dom;23/02/2014;;;;;;;;;;;;;;
seg;24/02/2014;;07:10;11:48;12:55;18:49;;;;;;;;;
ter;25/02/2014;;07:10;11:48;12:55;18:47;;;;;;;;;
Soma;;;;;;;;;;;;;;;
qua;26/02/2014;;07:10;11:48;12:55;18:56;;;;;;;;;
qui;27/02/2014;;07:10;11:47;12:56;16:27;;;;;;;;;
sex;28/02/2014;;07:10;11:48;12:55;18:50;;;;;;;;;
s�b;01/03/2014;;06:34;10:30;;;;;;;;;;;
dom;02/03/2014;;;;;;;;;;;;;;
seg;03/03/2014;;07:10;11:48;12:55;18:32;;;;;;;;;
ter;04/03/2014;Feriado;07:10;11:48;12:55;18:53;;;;;;;;;
qua;05/03/2014;;07:10;11:47;12:55;18:32;;;;;;;;;
qui;06/03/2014;;07:10;11:49;12:55;16:29;;;;;;;;;
sex;07/03/2014;;07:10;11:48;12:55;16:32;;;;;;;;;
s�b;08/03/2014;;;;;;;;;;;;;;
dom;09/03/2014;;;;;;;;;;;;;;
seg;10/03/2014;;07:10;11:48;12:55;17:31;;;;;;;;;
ter;11/03/2014;;07:10;11:47;12:56;17:32;;;;;;;;;
qua;12/03/2014;;07:11;11:47;12:55;17:32;;;;;;;;;
qui;13/03/2014;;07:10;11:48;12:55;17:32;;;;;;;;;
sex;14/03/2014;;07:10;11:48;12:56;14:59;;;;;;;;;
s�b;15/03/2014;;;;;;;;;;;;;;
dom;16/03/2014;;;;;;;;;;;;;;
seg;17/03/2014;;07:10;11:48;12:55;17:32;;;;;;;;;
ter;18/03/2014;;07:10;11:48;12:56;17:32;;;;;;;;;
qua;19/03/2014;;07:10;11:47;12:56;17:32;;;;;;;;;
qui;20/03/2014;;07:10;11:47;12:56;18:52;;;;;;;;;
sex;21/03/2014;;07:10;11:47;12:55;18:53;;;;;;;;;
s�b;22/03/2014;;06:36;10:38;;;;;;;;;;;
dom;23/03/2014;;;;;;;;;;;;;;
seg;24/03/2014;Atestado;;;;;;;;;;;;;
ter;25/03/2014;;07:10;11:48;12:56;17:32;;;;;;;;;
Soma;;;;;;;;;;;;;;;
qua;26/03/2014;;07:10;11:47;12:55;18:51;;;;;;;;;
qui;27/03/2014;;07:10;11:47;12:55;17:31;;;;;;;;;
sex;28/03/2014;;07:10;11:47;12:56;18:34;;;;;;;;;
s�b;29/03/2014;;06:33;10:32;;;;;;;;;;;
dom;30/03/2014;;;;;;;;;;;;;;
seg;31/03/2014;;07:10;11:47;12:58;17:31;;;;;;;;;
ter;01/04/2014;;07:10;11:47;12:55;18:32;;;;;;;;;
qua;02/04/2014;;07:10;11:47;12:57;18:32;;;;;;;;;
qui;03/04/2014;;07:10;11:48;12:55;17:32;;;;;;;;;
sex;04/04/2014;;07:16;11:48;12:55;15:01;;;;;;;;;
s�b;05/04/2014;;;;;;;;;;;;;;
dom;06/04/2014;;;;;;;;;;;;;;
seg;07/04/2014;;07:10;11:48;12:55;18:30;;;;;;;;;
ter;08/04/2014;;07:10;11:47;12:50;18:30;;;;;;;;;
qua;09/04/2014;;07:10;11:47;12:57;17:31;;;;;;;;;
qui;10/04/2014;;07:10;11:47;12:56;18:30;;;;;;;;;
sex;11/04/2014;;07:10;11:47;12:57;16:31;;;;;;;;;
s�b;12/04/2014;;;;;;;;;;;;;;
dom;13/04/2014;;;;;;;;;;;;;;
seg;14/04/2014;;07:10;11:47;12:55;17:31;;;;;;;;;
ter;15/04/2014;;07:39;11:47;12:56;18:30;;;;;;;;;
qua;16/04/2014;;07:10;11:48;12:56;17:31;;;;;;;;;
qui;17/04/2014;;07:10;11:47;12:56;14:48;;;;;;;;;
sex;18/04/2014;Feriado;;;;;;;;;;;;;
s�b;19/04/2014;;;;;;;;;;;;;;
dom;20/04/2014;Feriado;;;;;;;;;;;;;
seg;21/04/2014;Feriado;;;;;;;;;;;;;
ter;22/04/2014;Falta;;;;;;;;;;;;;
qua;23/04/2014;;07:10;11:47;14:00;18:31;;;;;;;;;
qui;24/04/2014;;07:10;11:47;12:55;18:30;;;;;;;;;
sex;25/04/2014;;07:10;11:47;12:56;16:30;;;;;;;;;
Soma;;;;;;;;;;;;;;;
s�b;26/04/2014;;;;;;;;;;;;;;
dom;27/04/2014;;;;;;;;;;;;;;
seg;28/04/2014;;07:10;11:47;12:55;18:30;;;;;;;;;
ter;29/04/2014;;07:10;11:47;12:55;18:31;;;;;;;;;
qua;30/04/2014;;07:10;11:46;12:55;17:30;;;;;;;;;
qui;01/05/2014;Feriado;;;;;;;;;;;;;
sex;02/05/2014;;07:10;11:47;12:55;18:33;;;;;;;;;
s�b;03/05/2014;;06:36;10:29;;;;;;;;;;;
dom;04/05/2014;;;;;;;;;;;;;;
seg;05/05/2014;;07:10;11:48;12:55;18:30;;;;;;;;;
ter;06/05/2014;;07:11;11:48;12:55;16:28;;;;;;;;;
qua;07/05/2014;;07:10;11:48;12:57;18:50;;;;;;;;;
qui;08/05/2014;;07:10;11:48;12:56;18:31;;;;;;;;;
sex;09/05/2014;;07:10;11:47;12:56;16:31;;;;;;;;;
s�b;10/05/2014;;;;;;;;;;;;;;
dom;11/05/2014;;;;;;;;;;;;;;
seg;12/05/2014;;07:10;11:47;12:55;17:31;;;;;;;;;
ter;13/05/2014;;07:10;11:47;12:55;17:31;;;;;;;;;
qua;14/05/2014;;07:10;11:47;12:56;18:54;;;;;;;;;
qui;15/05/2014;;07:10;11:47;13:19;18:54;;;;;;;;;
sex;16/05/2014;;07:10;11:47;12:55;18:30;;;;;;;;;
s�b;17/05/2014;;06:38;11:05;;;;;;;;;;;
dom;18/05/2014;;;;;;;;;;;;;;
seg;19/05/2014;;07:10;11:47;12:55;18:50;;;;;;;;;
ter;20/05/2014;;07:10;11:47;12:55;17:31;;;;;;;;;
qua;21/05/2014;;07:10;11:47;12:55;17:31;;;;;;;;;
qui;22/05/2014;;07:11;11:48;12:55;17:31;;;;;;;;;
sex;23/05/2014;;07:10;11:48;12:56;18:32;;;;;;;;;
s�b;24/05/2014;;;;;;;;;;;;;;
dom;25/05/2014;;;;;;;;;;;;;;
Soma;;;;;;;;;;;;;;;
seg;26/05/2014;Feriado;;;;;;;;;;;;;
ter;27/05/2014;Atestado;;;;;;;;;;;;;
qua;28/05/2014;;07:10;11:48;12:55;18:51;;;;;;;;;
qui;29/05/2014;;07:11;11:47;12:55;18:52;;;;;;;;;
sex;30/05/2014;;07:11;11:47;12:55;18:54;;;;;;;;;
s�b;31/05/2014;;06:40;10:59;;;;;;;;;;;
dom;01/06/2014;;;;;;;;;;;;;;
seg;02/06/2014;;07:11;10:03;12:55;18:52;;;;;;;;;
ter;03/06/2014;;09:39;11:48;12:55;18:51;;;;;;;;;
qua;04/06/2014;;07:10;11:47;12:55;18:54;;;;;;;;;
qui;05/06/2014;;07:10;11:47;12:56;18:31;;;;;;;;;
sex;06/06/2014;;07:12;11:03;13:17;18:52;;;;;;;;;
s�b;07/06/2014;;06:34;09:55;;;;;;;;;;;
dom;08/06/2014;;;;;;;;;;;;;;
seg;09/06/2014;;07:11;11:47;14:07;18:51;;;;;;;;;
ter;10/06/2014;;07:10;11:47;12:55;18:52;;;;;;;;;
qua;11/06/2014;Atestado P.;07:10;10:46;;;;;;;;;;;
qui;12/06/2014;Atestado;;;;;;;;;;;;;
sex;13/06/2014;;07:10;11:47;12:58;18:31;;;;;;;;;
s�b;14/06/2014;;06:35;10:48;;;;;;;;;;;
dom;15/06/2014;;;;;;;;;;;;;;
seg;16/06/2014;Atestado;;;;;;;;;;;;;
ter;17/06/2014;Atestado P.;07:11;11:47;;;;;;;;;;;
qua;18/06/2014;;08:40;11:48;12:55;17:32;;;;;;;;;
qui;19/06/2014;;;;;;;;;;;;;;
sex;20/06/2014;;07:10;11:47;12:56;16:31;;;;;;;;;
s�b;21/06/2014;;;;;;;;;;;;;;
dom;22/06/2014;;;;;;;;;;;;;;
seg;23/06/2014;;08:00;11:47;12:55;16:31;;;;;;;;;
ter;24/06/2014;;07:10;11:47;12:55;17:31;;;;;;;;;
qua;25/06/2014;;07:10;11:48;12:55;17:32;;;;;;;;;
Soma;;;;;;;;;;;;;;;
qui;26/06/2014;;07:10;11:47;12:55;17:31;;;;;;;;;
sex;27/06/2014;;07:10;11:47;12:55;18:30;;;;;;;;;
s�b;28/06/2014;;06:33;10:38;;;;;;;;;;;
dom;29/06/2014;;;;;;;;;;;;;;
seg;30/06/2014;;07:13;11:46;12:55;16:22;;;;;;;;;
ter;01/07/2014;Atestado P.;07:10;11:46;;;;;;;;;;;
qua;02/07/2014;;07:10;11:47;12:55;18:50;;;;;;;;;
qui;03/07/2014;;07:10;11:47;12:55;18:53;;;;;;;;;
sex;04/07/2014;;07:10;11:47;12:55;16:31;;;;;;;;;
s�b;05/07/2014;;;;;;;;;;;;;;
dom;06/07/2014;;;;;;;;;;;;;;
seg;07/07/2014;;07:10;11:47;12:55;16:57;;;;;;;;;
ter;08/07/2014;;07:10;11:47;12:55;16:30;;;;;;;;;
qua;09/07/2014;;07:10;11:47;12:55;17:31;;;;;;;;;
qui;10/07/2014;;07:10;11:47;;;;;;;;;;;
sex;11/07/2014;;07:10;11:46;12:55;15:10;;;;;;;;;
s�b;12/07/2014;;;;;;;;;;;;;;
dom;13/07/2014;;;;;;;;;;;;;;
seg;14/07/2014;;07:10;11:47;12:55;17:30;;;;;;;;;
ter;15/07/2014;;07:10;11:47;12:55;17:31;;;;;;;;;
qua;16/07/2014;;07:10;11:47;12:55;17:30;;;;;;;;;
qui;17/07/2014;;07:10;11:47;12:55;17:30;;;;;;;;;
sex;18/07/2014;;07:11;11:47;12:55;16:30;;;;;;;;;
s�b;19/07/2014;;;;;;;;;;;;;;
dom;20/07/2014;;;;;;;;;;;;;;
seg;21/07/2014;;07:10;11:47;12:55;17:31;;;;;;;;;
ter;22/07/2014;;07:10;11:47;12:55;17:30;;;;;;;;;
qua;23/07/2014;Falta;;;;;;;;;;;;;
qui;24/07/2014;Falta;;;;;;;;;;;;;
sex;25/07/2014;Falta;;;;;;;;;;;;;
Soma;;;;;;;;;;;;;;;
s�b;26/07/2014;;;;;;;;;;;;;;
dom;27/07/2014;;;;;;;;;;;;;;
seg;28/07/2014;;07:13;11:47;12:55;17:30;;;;;;;;;
ter;29/07/2014;;07:10;11:47;12:56;17:31;;;;;;;;;
qua;30/07/2014;;07:10;11:46;12:55;17:31;;;;;;;;;
qui;31/07/2014;;07:10;11:46;12:57;17:30;;;;;;;;;
sex;01/08/2014;;07:10;11:46;12:55;16:30;;;;;;;;;
s�b;02/08/2014;;;;;;;;;;;;;;
dom;03/08/2014;;;;;;;;;;;;;;
seg;04/08/2014;;07:10;11:48;12:56;17:32;;;;;;;;;
ter;05/08/2014;Falta;;;;;;;;;;;;;
qua;06/08/2014;;07:10;11:47;12:55;17:31;;;;;;;;;
qui;07/08/2014;;07:11;11:47;13:19;17:31;;;;;;;;;
sex;08/08/2014;;07:10;11:47;12:55;16:31;;;;;;;;;
s�b;09/08/2014;;;;;;;;;;;;;;
dom;10/08/2014;;;;;;;;;;;;;;
seg;11/08/2014;;07:10;11:47;12:55;17:32;;;;;;;;;
ter;12/08/2014;Falta;;;;;;;;;;;;;
qua;13/08/2014;;07:10;11:47;12:55;17:32;;;;;;;;;
qui;14/08/2014;;07:12;11:47;12:56;17:32;;;;;;;;;
sex;15/08/2014;;07:10;11:48;12:55;16:31;;;;;;;;;
s�b;16/08/2014;;;;;;;;;;;;;;
dom;17/08/2014;;;;;;;;;;;;;;
seg;18/08/2014;;07:10;11:47;12:55;17:31;;;;;;;;;
ter;19/08/2014;;07:10;11:47;12:55;16:28;;;;;;;;;
qua;20/08/2014;;07:10;11:47;12:55;17:31;;;;;;;;;
qui;21/08/2014;;07:10;11:47;12:55;17:31;;;;;;;;;
sex;22/08/2014;;07:10;11:47;12:56;16:31;;;;;;;;;
s�b;23/08/2014;;;;;;;;;;;;;;
dom;24/08/2014;;;;;;;;;;;;;;
seg;25/08/2014;;07:10;11:48;12:55;17:31;;;;;;;;;
Soma;;;;;;;;;;;;;;;
ter;26/08/2014;;07:10;11:47;12:55;17:31;;;;;;;;;
qua;27/08/2014;;07:10;11:47;12:55;17:31;;;;;;;;;
qui;28/08/2014;;07:10;11:47;12:56;17:31;;;;;;;;;
sex;29/08/2014;;07:10;11:47;12:55;14:43;;;;;;;;;
s�b;30/08/2014;;;;;;;;;;;;;;
dom;31/08/2014;;;;;;;;;;;;;;
seg;01/09/2014;;07:10;11:47;12:56;17:31;;;;;;;;;
ter;02/09/2014;Atestado;;;;;;;;;;;;;
qua;03/09/2014;Atestado;;;;;;;;;;;;;
qui;04/09/2014;;07:10;11:47;12:55;17:31;;;;;;;;;
sex;05/09/2014;;07:10;11:47;14:17;16:31;;;;;;;;;
s�b;06/09/2014;;;;;;;;;;;;;;
dom;07/09/2014;Feriado;;;;;;;;;;;;;
seg;08/09/2014;;07:10;11:47;12:55;17:31;;;;;;;;;
ter;09/09/2014;;07:10;11:47;12:55;17:31;;;;;;;;;
qua;10/09/2014;;07:10;11:47;12:57;17:31;;;;;;;;;
qui;11/09/2014;;07:10;11:47;12:55;17:31;;;;;;;;;
sex;12/09/2014;;07:10;11:47;12:55;16:31;;;;;;;;;
s�b;13/09/2014;;;;;;;;;;;;;;
dom;14/09/2014;;;;;;;;;;;;;;
seg;15/09/2014;;07:10;11:47;12:55;17:31;;;;;;;;;
ter;16/09/2014;;07:10;11:47;12:55;17:31;;;;;;;;;
qua;17/09/2014;Atestado;;;;;;;;;;;;;
qui;18/09/2014;Atestado;;;;;;;;;;;;;
sex;19/09/2014;Atestado;;;;;;;;;;;;;
s�b;20/09/2014;Feriado;;;;;;;;;;;;;
dom;21/09/2014;;;;;;;;;;;;;;
seg;22/09/2014;;07:10;11:47;12:55;17:31;;;;;;;;;
ter;23/09/2014;;07:10;11:47;12:55;17:31;;;;;;;;;
qua;24/09/2014;;07:10;11:47;12:55;17:30;;;;;;;;;
qui;25/09/2014;;08:37;11:47;13:56;17:30;;;;;;;;;
Soma;;;;;;;;;;;;;;;
sex;26/09/2014;;07:10;11:46;13:34;16:30;;;;;;;;;
s�b;27/09/2014;;;;;;;;;;;;;;
dom;28/09/2014;;;;;;;;;;;;;;
seg;29/09/2014;;07:11;11:47;12:55;17:31;;;;;;;;;
ter;30/09/2014;;07:10;11:47;12:55;16:16;;;;;;;;;
qua;01/10/2014;;07:10;11:47;12:55;17:31;;;;;;;;;
qui;02/10/2014;;07:10;11:48;12:55;17:31;;;;;;;;;
sex;03/10/2014;;07:10;11:46;12:55;16:30;;;;;;;;;
s�b;04/10/2014;;;;;;;;;;;;;;
dom;05/10/2014;;;;;;;;;;;;;;
seg;06/10/2014;;07:10;11:46;12:59;17:30;;;;;;;;;
ter;07/10/2014;;07:10;11:46;12:56;17:30;;;;;;;;;
qua;08/10/2014;;07:10;11:46;12:56;17:31;;;;;;;;;
qui;09/10/2014;;07:10;08:50;12:55;17:30;;;;;;;;;
sex;10/10/2014;Atestado;;;;;;;;;;;;;
s�b;11/10/2014;;;;;;;;;;;;;;
dom;12/10/2014;Feriado;;;;;;;;;;;;;
seg;13/10/2014;;07:10;11:46;12:55;17:31;;;;;;;;;
ter;14/10/2014;Atestado P.;07:10;11:47;;;;;;;;;;;
qua;15/10/2014;;07:10;11:45;12:56;17:30;;;;;;;;;
qui;16/10/2014;;07:10;11:46;12:56;17:30;;;;;;;;;
sex;17/10/2014;;07:10;11:47;12:55;16:30;;;;;;;;;
s�b;18/10/2014;;;;;;;;;;;;;;
dom;19/10/2014;;;;;;;;;;;;;;
seg;20/10/2014;;07:10;11:45;12:55;15:51;;;;;;;;;
ter;21/10/2014;;07:10;11:45;12:55;17:30;;;;;;;;;
qua;22/10/2014;;07:10;11:45;12:55;17:30;;;;;;;;;
qui;23/10/2014;;07:10;11:45;12:55;17:30;;;;;;;;;
sex;24/10/2014;;07:10;11:45;12:55;16:31;;;;;;;;;
s�b;25/10/2014;;;;;;;;;;;;;;
Soma;;;;;;;;;;;;;;;
dom;26/10/2014;;;;;;;;;;;;;;
seg;27/10/2014;;07:10;11:46;12:56;17:31;;;;;;;;;
ter;28/10/2014;;07:10;11:46;12:55;17:31;;;;;;;;;
qua;29/10/2014;;07:10;11:47;12:56;17:30;;;;;;;;;
qui;30/10/2014;;07:10;11:46;12:55;17:31;;;;;;;;;
sex;31/10/2014;;07:10;11:46;12:55;16:30;;;;;;;;;
s�b;01/11/2014;;;;;;;;;;;;;;
dom;02/11/2014;Feriado;;;;;;;;;;;;;
seg;03/11/2014;;07:10;11:46;12:55;17:31;;;;;;;;;
ter;04/11/2014;;07:10;11:46;12:55;17:31;;;;;;;;;
qua;05/11/2014;;07:10;11:46;12:55;14:55;;;;;;;;;
qui;06/11/2014;;07:10;11:46;12:55;17:31;;;;;;;;;
sex;07/11/2014;;07:10;11:46;12:57;16:31;;;;;;;;;
s�b;08/11/2014;;;;;;;;;;;;;;
dom;09/11/2014;;;;;;;;;;;;;;
seg;10/11/2014;;07:10;11:46;12:55;17:31;;;;;;;;;
ter;11/11/2014;;07:10;11:46;12:55;17:31;;;;;;;;;
qua;12/11/2014;;07:10;11:48;12:55;17:31;;;;;;;;;
qui;13/11/2014;;07:10;11:46;12:55;17:31;;;;;;;;;
sex;14/11/2014;;07:10;11:48;12:55;16:31;;;;;;;;;
s�b;15/11/2014;Feriado;;;;;;;;;;;;;
dom;16/11/2014;;;;;;;;;;;;;;
seg;17/11/2014;;07:10;11:46;12:55;17:32;;;;;;;;;
ter;18/11/2014;;07:10;11:47;12:55;17:31;;;;;;;;;
qua;19/11/2014;;07:10;11:46;12:55;17:31;;;;;;;;;
qui;20/11/2014;;07:10;11:46;12:55;17:31;;;;;;;;;
sex;21/11/2014;;07:11;11:47;12:55;16:31;;;;;;;;;
s�b;22/11/2014;;;;;;;;;;;;;;
dom;23/11/2014;;;;;;;;;;;;;;
seg;24/11/2014;Atestado;;;;;;;;;;;;;
ter;25/11/2014;;07:10;11:46;12:55;17:31;;;;;;;;;
Soma;;;;;;;;;;;;;;;
qua;26/11/2014;;07:10;11:46;12:55;17:31;;;;;;;;;
qui;27/11/2014;;07:10;11:48;12:55;17:31;;;;;;;;;
sex;28/11/2014;;07:10;11:46;12:56;16:31;;;;;;;;;
s�b;29/11/2014;;;;;;;;;;;;;;
dom;30/11/2014;;;;;;;;;;;;;;
seg;01/12/2014;;07:10;11:47;12:55;17:31;;;;;;;;;
ter;02/12/2014;;07:10;11:48;12:55;17:31;;;;;;;;;
qua;03/12/2014;;07:10;11:46;12:55;17:31;;;;;;;;;
qui;04/12/2014;;07:10;11:48;12:55;17:32;;;;;;;;;
sex;05/12/2014;;07:10;11:48;12:55;16:31;;;;;;;;;
s�b;06/12/2014;;;;;;;;;;;;;;
dom;07/12/2014;;;;;;;;;;;;;;
seg;08/12/2014;;07:10;11:48;12:55;17:31;;;;;;;;;
ter;09/12/2014;;07:10;11:48;12:55;17:31;;;;;;;;;
qua;10/12/2014;;07:10;11:47;12:55;17:31;;;;;;;;;
qui;11/12/2014;;07:11;11:46;12:55;17:32;;;;;;;;;
sex;12/12/2014;;07:10;11:46;12:55;16:31;;;;;;;;;
s�b;13/12/2014;;;;;;;;;;;;;;
dom;14/12/2014;;;;;;;;;;;;;;
seg;15/12/2014;Atestado;;;;;;;;;;;;;
Soma;;;;;;;;;;;;;;;
ter;16/12/2014;;07:10;11:47;12:55;17:32;;;;;;;;;
qua;17/12/2014;;07:10;11:47;12:55;17:31;;;;;;;;;
qui;18/12/2014;;07:11;11:46;12:55;17:31;;;;;;;;;
sex;19/12/2014;;07:10;11:46;;;;;;;;;;;
s�b;20/12/2014;;;;;;;;;;;;;;
dom;21/12/2014;;;;;;;;;;;;;;
seg;22/12/2014;ferias;;;;;;;;;;;;;
ter;23/12/2014;ferias;;;;;;;;;;;;;
qua;24/12/2014;ferias;;;;;;;;;;;;;
qui;25/12/2014;ferias;;;;;;;;;;;;;
sex;26/12/2014;ferias;;;;;;;;;;;;;
s�b;27/12/2014;ferias;;;;;;;;;;;;;
dom;28/12/2014;ferias;;;;;;;;;;;;;
seg;29/12/2014;ferias;;;;;;;;;;;;;
ter;30/12/2014;ferias;;;;;;;;;;;;;
qua;31/12/2014;ferias;;;;;;;;;;;;;
qui;01/01/2015;ferias;;;;;;;;;;;;;
sex;02/01/2015;ferias;;;;;;;;;;;;;
s�b;03/01/2015;ferias;;;;;;;;;;;;;
dom;04/01/2015;ferias;;;;;;;;;;;;;
seg;05/01/2015;ferias;;;;;;;;;;;;;
ter;06/01/2015;ferias;;;;;;;;;;;;;
qua;07/01/2015;ferias;;;;;;;;;;;;;
qui;08/01/2015;ferias;;;;;;;;;;;;;
sex;09/01/2015;ferias;;;;;;;;;;;;;
s�b;10/01/2015;ferias;;;;;;;;;;;;;
dom;11/01/2015;;;;;;;;;;;;;;
seg;12/01/2015;;07:10;11:46;12:55;17:31;;;;;;;;;
ter;13/01/2015;;07:10;11:46;12:55;17:31;;;;;;;;;
qua;14/01/2015;;07:10;11:48;12:55;17:31;;;;;;;;;
qui;15/01/2015;;07:10;11:48;12:55;17:31;;;;;;;;;
sex;16/01/2015;Atestado P.;07:11;11:46;12:55;15:11;;;;;;;;;
s�b;17/01/2015;;;;;;;;;;;;;;
dom;18/01/2015;;;;;;;;;;;;;;
seg;19/01/2015;;07:10;11:48;12:56;17:31;;;;;;;;;
ter;20/01/2015;;07:10;11:46;12:55;17:32;;;;;;;;;
Soma;;;;;;;;;;;;;;;
qua;21/01/2015;;07:10;11:48;12:56;17:32;;;;;;;;;
qui;22/01/2015;;07:10;11:47;12:55;17:32;;;;;;;;;
sex;23/01/2015;;07:10;11:47;12:55;16:31;;;;;;;;;
s�b;24/01/2015;;;;;;;;;;;;;;
dom;25/01/2015;;;;;;;;;;;;;;
seg;26/01/2015;;07:10;11:47;12:55;17:32;;;;;;;;;
ter;27/01/2015;;07:10;11:46;12:57;17:31;;;;;;;;;
qua;28/01/2015;;07:10;11:47;12:55;17:31;;;;;;;;;
qui;29/01/2015;;07:10;11:46;12:55;17:31;;;;;;;;;
sex;30/01/2015;;07:10;11:46;12:55;14:57;;;;;;;;;
s�b;31/01/2015;;;;;;;;;;;;;;
dom;01/02/2015;;;;;;;;;;;;;;
seg;02/02/2015;;07:10;11:46;12:55;17:31;;;;;;;;;
ter;03/02/2015;;07:10;11:46;12:55;17:31;;;;;;;;;
qua;04/02/2015;;07:10;11:46;12:55;17:31;;;;;;;;;
qui;05/02/2015;;07:10;11:46;12:55;17:31;;;;;;;;;
sex;06/02/2015;;07:10;11:47;13:13;14:53;;;;;;;;;
s�b;07/02/2015;;;;;;;;;;;;;;
dom;08/02/2015;;;;;;;;;;;;;;
seg;09/02/2015;;07:10;11:46;12:55;17:31;;;;;;;;;
ter;10/02/2015;;07:10;11:46;12:56;17:31;;;;;;;;;
qua;11/02/2015;;07:10;11:46;13:39;17:33;;;;;;;;;
qui;12/02/2015;;07:10;11:46;12:55;17:31;;;;;;;;;
sex;13/02/2015;;07:10;11:46;12:55;16:31;;;;;;;;;
s�b;14/02/2015;;;;;;;;;;;;;;
dom;15/02/2015;;;;;;;;;;;;;;
seg;16/02/2015;;07:10;11:47;12:55;17:31;;;;;;;;;
ter;17/02/2015;Feriado;07:10;11:46;12:56;17:31;;;;;;;;;
qua;18/02/2015;;07:10;11:46;12:55;17:31;;;;;;;;;
qui;19/02/2015;;07:10;11:46;12:55;17:31;;;;;;;;;
sex;20/02/2015;;08:38;11:47;12:55;16:31;;;;;;;;;
Soma;;;;;;;;;;;;;;;
s�b;21/02/2015;;;;;;;;;;;;;;
dom;22/02/2015;;;;;;;;;;;;;;
seg;23/02/2015;;07:11;11:46;12:56;17:31;;;;;;;;;
ter;24/02/2015;;07:10;11:46;12:55;17:31;;;;;;;;;
qua;25/02/2015;;07:10;11:45;12:55;17:31;;;;;;;;;
qui;26/02/2015;;07:10;11:46;12:55;17:31;;;;;;;;;
sex;27/02/2015;;07:10;11:47;12:55;16:30;;;;;;;;;
s�b;28/02/2015;;;;;;;;;;;;;;
dom;01/03/2015;;;;;;;;;;;;;;
seg;02/03/2015;;07:10;11:46;12:55;17:31;;;;;;;;;
ter;03/03/2015;;07:10;11:46;12:55;17:31;;;;;;;;;
qua;04/03/2015;;07:10;11:46;12:56;17:31;;;;;;;;;
qui;05/03/2015;;07:10;11:46;12:57;17:31;;;;;;;;;
sex;06/03/2015;;07:10;11:46;14:17;18:42;;;;;;;;;
s�b;07/03/2015;;06:36;11:17;;;;;;;;;;;
dom;08/03/2015;;;;;;;;;;;;;;
seg;09/03/2015;ferias;;;;;;;;;;;;;
ter;10/03/2015;ferias;;;;;;;;;;;;;
qua;11/03/2015;ferias;;;;;;;;;;;;;
qui;12/03/2015;ferias;;;;;;;;;;;;;
sex;13/03/2015;ferias;;;;;;;;;;;;;
s�b;14/03/2015;ferias;;;;;;;;;;;;;
dom;15/03/2015;ferias;;;;;;;;;;;;;
seg;16/03/2015;;07:10;11:46;12:55;18:49;;;;;;;;;
ter;17/03/2015;;07:10;11:46;12:55;18:49;;;;;;;;;
qua;18/03/2015;;07:10;11:46;12:55;18:48;;;;;;;;;
qui;19/03/2015;;07:10;11:46;12:55;18:32;;;;;;;;;
sex;20/03/2015;;07:10;11:47;12:55;16:31;;;;;;;;;
Soma;;;;;;;;;;;;;;;
s�b;21/03/2015;;;;;;;;;;;;;;
dom;22/03/2015;;;;;;;;;;;;;;
seg;23/03/2015;;07:10;11:47;12:56;17:31;;;;;;;;;
ter;24/03/2015;;07:10;11:46;12:55;17:31;;;;;;;;;
qua;25/03/2015;;07:10;11:47;12:55;17:31;;;;;;;;;
qui;26/03/2015;;07:10;11:46;12:55;17:32;;;;;;;;;
sex;27/03/2015;;07:10;11:46;12:56;16:31;;;;;;;;;
s�b;28/03/2015;;;;;;;;;;;;;;
dom;29/03/2015;;;;;;;;;;;;;;
seg;30/03/2015;;07:10;11:46;12:55;17:31;;;;;;;;;
ter;31/03/2015;Falta;;;;;;;;;;;;;
qua;01/04/2015;;07:10;11:47;12:56;17:31;;;;;;;;;
qui;02/04/2015;;07:10;11:46;13:40;17:31;;;;;;;;;
sex;03/04/2015;Feriado;;;;;;;;;;;;;
s�b;04/04/2015;;;;;;;;;;;;;;
dom;05/04/2015;Feriado;;;;;;;;;;;;;
seg;06/04/2015;;07:11;11:46;12:56;17:31;;;;;;;;;
ter;07/04/2015;;07:10;11:46;12:57;17:31;;;;;;;;;
qua;08/04/2015;;07:10;11:46;12:56;17:31;;;;;;;;;
qui;09/04/2015;;09:36;11:46;12:55;17:31;;;;;;;;;
sex;10/04/2015;;07:10;11:46;14:01;18:30;;;;;;;;;
s�b;11/04/2015;;06:36;10:03;;;;;;;;;;;
dom;12/04/2015;;;;;;;;;;;;;;
seg;13/04/2015;;07:10;11:47;12:56;17:31;;;;;;;;;
ter;14/04/2015;;07:10;11:46;12:55;17:31;;;;;;;;;
qua;15/04/2015;;07:10;11:46;12:56;17:31;;;;;;;;;
qui;16/04/2015;;07:10;11:46;12:55;17:31;;;;;;;;;
sex;17/04/2015;;07:10;11:46;12:55;18:32;;;;;;;;;
s�b;18/04/2015;;06:36;10:11;;;;;;;;;;;
dom;19/04/2015;;;;;;;;;;;;;;
seg;20/04/2015;;;;;;;;;;;;;;
Soma;;;;;;;;;;;;;;;
ter;21/04/2015;Feriado;;;;;;;;;;;;;
qua;22/04/2015;;07:11;11:46;12:55;17:31;;;;;;;;;
qui;23/04/2015;;07:10;11:46;12:57;17:31;;;;;;;;;
sex;24/04/2015;;07:10;11:46;12:55;16:30;;;;;;;;;
s�b;25/04/2015;;;;;;;;;;;;;;
dom;26/04/2015;;;;;;;;;;;;;;
seg;27/04/2015;;07:10;11:46;12:55;17:31;;;;;;;;;
ter;28/04/2015;;07:12;11:46;12:55;17:31;;;;;;;;;
qua;29/04/2015;;07:10;11:46;12:55;17:32;;;;;;;;;
qui;30/04/2015;Atestado;;;;;;;;;;;;;
sex;01/05/2015;Feriado;;;;;;;;;;;;;
s�b;02/05/2015;;;;;;;;;;;;;;
dom;03/05/2015;;;;;;;;;;;;;;
seg;04/05/2015;;07:10;11:46;12:55;17:31;;;;;;;;;
ter;05/05/2015;;07:10;11:46;12:55;17:31;;;;;;;;;
qua;06/05/2015;;07:10;11:46;12:55;17:31;;;;;;;;;
qui;07/05/2015;;07:10;11:46;12:56;17:32;;;;;;;;;
sex;08/05/2015;;07:10;11:46;12:55;15:00;;;;;;;;;
s�b;09/05/2015;;;;;;;;;;;;;;
dom;10/05/2015;;;;;;;;;;;;;;
seg;11/05/2015;;07:10;11:46;12:55;17:31;;;;;;;;;
ter;12/05/2015;;07:10;11:46;12:55;17:31;;;;;;;;;
qua;13/05/2015;;07:10;11:46;13:14;17:31;;;;;;;;;
qui;14/05/2015;;07:10;11:46;12:55;17:32;;;;;;;;;
sex;15/05/2015;;07:10;11:46;12:55;16:31;;;;;;;;;
s�b;16/05/2015;;;;;;;;;;;;;;
dom;17/05/2015;;;;;;;;;;;;;;
seg;18/05/2015;;07:10;11:46;12:55;17:32;;;;;;;;;
ter;19/05/2015;;07:10;11:46;12:55;17:31;;;;;;;;;
qua;20/05/2015;;07:10;11:46;12:57;17:31;;;;;;;;;
Soma;;;;;;;;;;;;;;;
qui;21/05/2015;;07:10;11:46;12:55;17:31;;;;;;;;;
sex;22/05/2015;;07:10;11:46;12:55;16:30;;;;;;;;;
s�b;23/05/2015;;;;;;;;;;;;;;
dom;24/05/2015;;;;;;;;;;;;;;
seg;25/05/2015;;07:10;11:46;12:55;17:31;;;;;;;;;
ter;26/05/2015;Feriado;;;;;;;;;;;;;
qua;27/05/2015;;07:10;11:47;12:55;15:57;;;;;;;;;
qui;28/05/2015;;07:10;11:46;12:55;17:31;;;;;;;;;
sex;29/05/2015;;07:10;11:46;12:55;16:31;;;;;;;;;
s�b;30/05/2015;;;;;;;;;;;;;;
dom;31/05/2015;;;;;;;;;;;;;;
seg;01/06/2015;;07:10;11:46;12:55;17:32;;;;;;;;;
ter;02/06/2015;;07:10;11:46;12:55;17:31;;;;;;;;;
qua;03/06/2015;;07:10;11:46;12:55;16:33;;;;;;;;;
qui;04/06/2015;Feriado;;;;;;;;;;;;;
sex;05/06/2015;Falta;;;;;;;;;;;;;
s�b;06/06/2015;;;;;;;;;;;;;;
dom;07/06/2015;;;;;;;;;;;;;;
seg;08/06/2015;;07:10;11:46;12:55;17:31;;;;;;;;;
ter;09/06/2015;;07:10;11:46;12:55;17:31;;;;;;;;;
qua;10/06/2015;;07:10;11:46;12:55;17:31;;;;;;;;;
qui;11/06/2015;;07:10;11:46;12:55;17:31;;;;;;;;;
sex;12/06/2015;;07:10;11:46;12:55;16:31;;;;;;;;;
s�b;13/06/2015;;;;;;;;;;;;;;
dom;14/06/2015;;;;;;;;;;;;;;
seg;15/06/2015;;07:10;11:46;12:55;17:31;;;;;;;;;
ter;16/06/2015;;07:10;11:46;12:55;17:31;;;;;;;;;
qua;17/06/2015;;07:10;11:46;12:55;17:31;;;;;;;;;
qui;18/06/2015;;07:10;11:46;12:55;16:56;;;;;;;;;
sex;19/06/2015;;07:10;11:46;12:55;16:31;;;;;;;;;
s�b;20/06/2015;;;;;;;;;;;;;;
Soma;;;;;;;;;;;;;;;
dom;21/06/2015;;;;;;;;;;;;;;
seg;22/06/2015;;07:10;11:46;12:55;17:31;;;;;;;;;
ter;23/06/2015;;08:43;11:46;12:55;17:31;;;;;;;;;
qua;24/06/2015;;07:10;11:46;12:55;17:31;;;;;;;;;
qui;25/06/2015;Atestado;;;;;;;;;;;;;
sex;26/06/2015;Atestado;;;;;;;;;;;;;
s�b;27/06/2015;;;;;;;;;;;;;;
dom;28/06/2015;;;;;;;;;;;;;;
seg;29/06/2015;;07:10;11:46;12:55;17:31;;;;;;;;;
ter;30/06/2015;;07:10;11:46;12:55;17:31;;;;;;;;;
qua;01/07/2015;;07:10;11:46;12:56;17:31;;;;;;;;;
qui;02/07/2015;;07:10;11:46;12:55;17:31;;;;;;;;;
sex;03/07/2015;;07:10;11:46;12:55;16:31;;;;;;;;;
s�b;04/07/2015;;;;;;;;;;;;;;
dom;05/07/2015;;;;;;;;;;;;;;
seg;06/07/2015;;07:10;11:46;12:55;17:31;;;;;;;;;
ter;07/07/2015;;07:10;11:46;12:55;17:31;;;;;;;;;
qua;08/07/2015;;07:10;11:46;13:19;17:31;;;;;;;;;
qui;09/07/2015;;07:10;11:46;12:55;17:31;;;;;;;;;
sex;10/07/2015;;07:10;11:46;12:56;16:31;;;;;;;;;
s�b;11/07/2015;;;;;;;;;;;;;;
dom;12/07/2015;;;;;;;;;;;;;;
seg;13/07/2015;;07:10;11:46;12:55;13:23;;;;;;;;;
ter;14/07/2015;;07:10;11:46;12:55;17:31;;;;;;;;;
qua;15/07/2015;;07:10;11:46;12:55;17:31;;;;;;;;;
qui;16/07/2015;;07:10;11:46;12:55;17:30;;;;;;;;;
sex;17/07/2015;;07:10;11:46;12:55;16:31;;;;;;;;;
s�b;18/07/2015;;;;;;;;;;;;;;
dom;19/07/2015;;;;;;;;;;;;;;
seg;20/07/2015;;07:10;11:46;13:33;17:31;;;;;;;;;
Soma;;;;;;;;;;;;;;;
ter;21/07/2015;;07:10;11:46;12:55;17:31;;;;;;;;;
qua;22/07/2015;;07:10;11:46;12:55;17:31;;;;;;;;;
qui;23/07/2015;;07:10;11:46;12:55;17:31;;;;;;;;;
sex;24/07/2015;;07:10;11:46;12:55;16:31;;;;;;;;;
s�b;25/07/2015;;;;;;;;;;;;;;
dom;26/07/2015;;;;;;;;;;;;;;
seg;27/07/2015;;07:10;11:46;12:56;17:32;;;;;;;;;
ter;28/07/2015;;07:12;11:46;12:55;17:31;;;;;;;;;
qua;29/07/2015;;07:10;08:58;12:55;17:31;;;;;;;;;
qui;30/07/2015;;07:10;11:46;12:55;17:31;;;;;;;;;
sex;31/07/2015;;07:10;11:46;12:55;16:31;;;;;;;;;
s�b;01/08/2015;;;;;;;;;;;;;;
dom;02/08/2015;;;;;;;;;;;;;;
seg;03/08/2015;;07:10;11:46;12:55;17:31;;;;;;;;;
ter;04/08/2015;;07:10;11:46;12:55;17:31;;;;;;;;;
qua;05/08/2015;;07:10;11:46;12:55;17:31;;;;;;;;;
qui;06/08/2015;;07:11;11:46;12:57;17:31;;;;;;;;;
sex;07/08/2015;;07:10;11:46;12:55;16:30;;;;;;;;;
s�b;08/08/2015;;;;;;;;;;;;;;
dom;09/08/2015;;;;;;;;;;;;;;
seg;10/08/2015;;07:10;11:45;12:55;17:30;;;;;;;;;
ter;11/08/2015;;07:10;11:46;12:55;17:31;;;;;;;;;
qua;12/08/2015;Atestado;;;;;;;;;;;;;
qui;13/08/2015;;07:10;11:46;12:55;17:31;;;;;;;;;
sex;14/08/2015;;07:10;11:46;12:55;16:31;;;;;;;;;
s�b;15/08/2015;;;;;;;;;;;;;;
dom;16/08/2015;;;;;;;;;;;;;;
seg;17/08/2015;;07:10;11:46;12:55;17:31;;;;;;;;;
ter;18/08/2015;;07:10;11:46;12:55;17:31;;;;;;;;;
qua;19/08/2015;;07:10;11:46;12:55;17:31;;;;;;;;;
qui;20/08/2015;;07:10;11:46;12:55;17:31;;;;;;;;;
Soma;;;;;;;;;;;;;;;
sex;21/08/2015;;07:10;11:46;12:55;16:31;;;;;;;;;
s�b;22/08/2015;;;;;;;;;;;;;;
dom;23/08/2015;;;;;;;;;;;;;;
seg;24/08/2015;;07:10;11:46;12:55;17:31;;;;;;;;;
ter;25/08/2015;;07:10;11:46;12:55;17:31;;;;;;;;;
qua;26/08/2015;;07:10;11:46;12:55;17:31;;;;;;;;;
qui;27/08/2015;;07:10;11:46;12:55;17:31;;;;;;;;;
sex;28/08/2015;;07:10;11:46;12:55;16:31;;;;;;;;;
s�b;29/08/2015;;;;;;;;;;;;;;
dom;30/08/2015;;;;;;;;;;;;;;
seg;31/08/2015;;07:10;11:46;12:55;17:31;;;;;;;;;
ter;01/09/2015;;07:10;11:46;12:55;17:31;;;;;;;;;
qua;02/09/2015;Atestado;;;;;;;;;;;;;
qui;03/09/2015;;07:10;11:46;12:55;17:31;;;;;;;;;
sex;04/09/2015;;07:10;11:46;12:55;16:30;;;;;;;;;
s�b;05/09/2015;;;;;;;;;;;;;;
dom;06/09/2015;;;;;;;;;;;;;;
seg;07/09/2015;Feriado;;;;;;;;;;;;;
ter;08/09/2015;;07:10;11:46;12:55;17:31;;;;;;;;;
qua;09/09/2015;;07:10;11:46;12:55;15:56;;;;;;;;;
qui;10/09/2015;;07:10;11:46;12:56;17:31;;;;;;;;;
sex;11/09/2015;;07:10;11:46;12:55;16:30;;;;;;;;;
s�b;12/09/2015;;;;;;;;;;;;;;
dom;13/09/2015;;;;;;;;;;;;;;
seg;14/09/2015;;07:10;11:46;12:55;17:31;;;;;;;;;
ter;15/09/2015;;07:10;11:46;12:55;17:30;;;;;;;;;
qua;16/09/2015;;07:10;11:46;12:55;17:31;;;;;;;;;
qui;17/09/2015;;07:10;11:46;12:57;17:30;;;;;;;;;
sex;18/09/2015;;07:10;11:45;12:55;16:30;;;;;;;;;
s�b;19/09/2015;;;;;;;;;;;;;;
dom;20/09/2015;Feriado;;;;;;;;;;;;;
Soma;;;;;;;;;;;;;;;
seg;21/09/2015;;07:10;11:45;12:55;17:31;;;;;;;;;
ter;22/09/2015;;07:10;11:45;12:55;17:30;;;;;;;;;
qua;23/09/2015;;07:10;11:46;12:55;17:31;;;;;;;;;
qui;24/09/2015;;07:10;11:46;12:55;17:31;;;;;;;;;
sex;25/09/2015;;07:10;11:46;12:55;16:31;;;;;;;;;
s�b;26/09/2015;;;;;;;;;;;;;;
dom;27/09/2015;;;;;;;;;;;;;;
seg;28/09/2015;;07:10;11:47;12:55;17:31;;;;;;;;;
ter;29/09/2015;;07:10;11:46;12:55;17:31;;;;;;;;;
qua;30/09/2015;;07:10;11:46;12:55;17:31;;;;;;;;;
qui;01/10/2015;;07:10;11:46;12:55;17:31;;;;;;;;;
sex;02/10/2015;;07:10;11:46;12:55;16:30;;;;;;;;;
s�b;03/10/2015;;;;;;;;;;;;;;
dom;04/10/2015;;;;;;;;;;;;;;
seg;05/10/2015;;07:10;11:46;12:55;17:31;;;;;;;;;
ter;06/10/2015;;07:10;11:46;12:55;17:31;;;;;;;;;
qua;07/10/2015;;07:10;11:46;12:55;17:31;;;;;;;;;
qui;08/10/2015;;07:10;11:46;12:55;17:31;;;;;;;;;
sex;09/10/2015;;07:10;11:46;12:55;16:31;;;;;;;;;
s�b;10/10/2015;;;;;;;;;;;;;;
dom;11/10/2015;;;;;;;;;;;;;;
seg;12/10/2015;Feriado;;;;;;;;;;;;;
ter;13/10/2015;;07:10;11:46;12:55;17:31;;;;;;;;;
qua;14/10/2015;;07:10;11:46;12:55;16:29;;;;;;;;;
qui;15/10/2015;;07:10;11:46;12:55;17:30;;;;;;;;;
sex;16/10/2015;;07:10;11:46;12:55;16:31;;;;;;;;;
s�b;17/10/2015;;;;;;;;;;;;;;
dom;18/10/2015;;;;;;;;;;;;;;
seg;19/10/2015;;07:10;11:46;12:55;17:31;;;;;;;;;
ter;20/10/2015;;07:10;11:46;12:55;17:31;;;;;;;;;
Soma;;;;;;;;;;;;;;;
qua;21/10/2015;;07:10;11:46;12:55;17:30;;;;;;;;;
qui;22/10/2015;;07:10;11:46;12:55;17:31;;;;;;;;;
sex;23/10/2015;;07:10;11:46;12:55;16:30;;;;;;;;;
s�b;24/10/2015;;;;;;;;;;;;;;
dom;25/10/2015;;;;;;;;;;;;;;
seg;26/10/2015;;07:10;11:46;12:55;17:31;;;;;;;;;
ter;27/10/2015;;07:10;11:46;12:55;17:31;;;;;;;;;
qua;28/10/2015;Atestado;;;;;;;;;;;;;
qui;29/10/2015;;07:10;11:46;12:55;17:31;;;;;;;;;
sex;30/10/2015;;07:10;11:46;12:55;16:31;;;;;;;;;
s�b;31/10/2015;;;;;;;;;;;;;;
dom;01/11/2015;;;;;;;;;;;;;;
seg;02/11/2015;Feriado;;;;;;;;;;;;;
ter;03/11/2015;;07:10;10:38;;;;;;;;;;;
Soma;;;;;;;;;;;;;;;
;;;;;;;;;;;;;;;
;;;;;;;;;;;;;;;
;;;;;;;;;;;;;;;
;;;;;;;;;;;;;;;
;;;;;;;;;;;;;;;
;;;;;;;;;;;;;;;
;;;;;;;;;;;;;;;
;;;;;;;;;;;;;;;
;;;;;;;;;;;;;;;
;;;;;;;;;;;;;;;
;;;;;;;;;;;;;;;
;;;;;;;;;;;;;;;
;;;;;;;;;;;;;;;
;;;;;;;;;;;;;;;
;;;;;;;;;;;;;;;
;;;;;;;;;;;;;;;
;;;;;;;;;;;;;;;
;;;;;;;;;;;;;;;
;;;;;;;;;;;;;;;
;;;;;;;;;;;;;;;
;;;;;;;;;;;;;;;
;;;;;;;;;;;;;;;
;;;;;;;;;;;;;;;
;;;;;;;;;;;;;;;
;;;;;;;;;;;;;;;
;;;;;;;;;;;;;;;
;;;;;;;;;;;;;;;
;;;;;;;;;;;;;;;
;;;;;;;;;;;;;;;
;;;;;;;;;;;;;;;
;;;;;;;;;;;;;;;
;;;;;;;;;;;;;;;
;;;;;;;;;;;;;;;
;;;;;;;;;;;;;;;
;;;;;;;;;;;;;;;
;;;;;;;;;;;;;;;
;;;;;;;;;;;;;;;
;;;;;;;;;;;;;;;
;;;;;;;;;;;;;;;
;;;;;;;;;;;;;;;
;;;;;;;;;;;;;;;
;;;;;;;;;;;;;;;
;;;;;;;;;;;;;;;
;;;;;;;;;;;;;;;
;;;;;;;;;;;;;;;
;;;;;;;;;;;;;;;
;;;;;;;;;;;;;;;
;;;;;;;;;;;;;;;
;;;;;;;;;;;;;;;
;;;;;;;;;;;;;;;
;;;;;;;;;;;;;;;
;;;;;;;;;;;;;;;
;;;;;;;;;;;;;;;
;;;;;;;;;;;;;;;
;;;;;;;;;;;;;;;
;;;;;;;;;;;;;;;
;;;;;;;;;;;;;;;
;;;;;;;;;;;;;;;
;;;;;;;;;;;;;;;
;;;;;;;;;;;;;;;
;;;;;;;;;;;;;;;
;;;;;;;;;;;;;;;
;;;;;;;;;;;;;;;
;;;;;;;;;;;;;;;
;;;;;;;;;;;;;;;
;;;;;;;;;;;;;;;
;;;;;;;;;;;;;;;
;;;;;;;;;;;;;;;
;;;;;;;;;;;;;;;
;;;;;;;;;;;;;;;
;;;;;;;;;;;;;;;
;;;;;;;;;;;;;;;
;;;;;;;;;;;;;;;
;;;;;;;;;;;;;;;
;;;;;;;;;;;;;;;
;;;;;;;;;;;;;;;
;;;;;;;;;;;;;;;
;;;;;;;;;;;;;;;
;;;;;;;;;;;;;;;
;;;;;;;;;;;;;;;
;;;;;;;;;;;;;;;
;;;;;;;;;;;;;;;
;;;;;;;;;;;;;;;
;;;;;;;;;;;;;;;
;;;;;;;;;;;;;;;
;;;;;;;;;;;;;;;
;;;;;;;;;;;;;;;
;;;;;;;;;;;;;;;
;;;;;;;;;;;;;;;
;;;;;;;;;;;;;;;
;;;;;;;;;;;;;;;
;;;;;;;;;;;;;;;
;;;;;;;;;;;;;;;
;;;;;;;;;;;;;;;
;;;;;;;;;;;;;;;
;;;;;;;;;;;;;;;
;;;;;;;;;;;;;;;
;;;;;;;;;;;;;;;
;;;;;;;;;;;;;;;
;;;;;;;;;;;;;;;
;;;;;;;;;;;;;;;
;;;;;;;;;;;;;;;
;;;;;;;;;;;;;;;
;;;;;;;;;;;;;;;
;;;;;;;;;;;;;;;
;;;;;;;;;;;;;;;
;;;;;;;;;;;;;;;
;;;;;;;;;;;;;;;
;;;;;;;;;;;;;;;
;;;;;;;;;;;;;;;
;;;;;;;;;;;;;;;
;;;;;;;;;;;;;;;
;;;;;;;;;;;;;;;
;;;;;;;;;;;;;;;
;;;;;;;;;;;;;;;
;;;;;;;;;;;;;;;
;;;;;;;;;;;;;;;
;;;;;;;;;;;;;;;
;;;;;;;;;;;;;;;
;;;;;;;;;;;;;;;
;;;;;;;;;;;;;;;
;;;;;;;;;;;;;;;
;;;;;;;;;;;;;;;
;;;;;;;;;;;;;;;
;;;;;;;;;;;;;;;
;;;;;;;;;;;;;;;
;;;;;;;;;;;;;;;
;;;;;;;;;;;;;;;
;;;;;;;;;;;;;;;
;;;;;;;;;;;;;;;
;;;;;;;;;;;;;;;
;;;;;;;;;;;;;;;
;;;;;;;;;;;;;;;
;;;;;;;;;;;;;;;
;;;;;;;;;;;;;;;
;;;;;;;;;;;;;;;
;;;;;;;;;;;;;;;
;;;;;;;;;;;;;;;
;;;;;;;;;;;;;;;
;;;;;;;;;;;;;;;
;;;;;;;;;;;;;;;
;;;;;;;;;;;;;;;
;;;;;;;;;;;;;;;
;;;;;;;;;;;;;;;
;;;;;;;;;;;;;;;
;;;;;;;;;;;;;;;
;;;;;;;;;;;;;;;
;;;;;;;;;;;;;;;
;;;;;;;;;;;;;;;
;;;;;;;;;;;;;;;
;;;;;;;;;;;;;;;
;;;;;;;;;;;;;;;
;;;;;;;;;;;;;;;
;;;;;;;;;;;;;;;
;;;;;;;;;;;;;;;
;;;;;;;;;;;;;;;
;;;;;;;;;;;;;;;
;;;;;;;;;;;;;;;
;;;;;;;;;;;;;;;
;;;;;;;;;;;;;;;
;;;;;;;;;;;;;;;
;;;;;;;;;;;;;;;
;;;;;;;;;;;;;;;
;;;;;;;;;;;;;;;
;;;;;;;;;;;;;;;
;;;;;;;;;;;;;;;
;;;;;;;;;;;;;;;
;;;;;;;;;;;;;;;
;;;;;;;;;;;;;;;
;;;;;;;;;;;;;;;
;;;;;;;;;;;;;;;
;;;;;;;;;;;;;;;
;;;;;;;;;;;;;;;
;;;;;;;;;;;;;;;
;;;;;;;;;;;;;;;
;;;;;;;;;;;;;;;
;;;;;;;;;;;;;;;
;;;;;;;;;;;;;;;
;;;;;;;;;;;;;;;
;;;;;;;;;;;;;;;
;;;;;;;;;;;;;;;
;;;;;;;;;;;;;;;
;;;;;;;;;;;;;;;
;;;;;;;;;;;;;;;
;;;;;;;;;;;;;;;
;;;;;;;;;;;;;;;
;;;;;;;;;;;;;;;
;;;;;;;;;;;;;;;
;;;;;;;;;;;;;;;
;;;;;;;;;;;;;;;
;;;;;;;;;;;;;;;
;;;;;;;;;;;;;;;
;;;;;;;;;;;;;;;
;;;;;;;;;;;;;;;
;;;;;;;;;;;;;;;
;;;;;;;;;;;;;;;
;;;;;;;;;;;;;;;
;;;;;;;;;;;;;;;
;;;;;;;;;;;;;;;
;;;;;;;;;;;;;;;
;;;;;;;;;;;;;;;
;;;;;;;;;;;;;;;
;;;;;;;;;;;;;;;
;;;;;;;;;;;;;;;
;;;;;;;;;;;;;;;
;;;;;;;;;;;;;;;
;;;;;;;;;;;;;;;
;;;;;;;;;;;;;;;
;;;;;;;;;;;;;;;
;;;;;;;;;;;;;;;
;;;;;;;;;;;;;;;
;;;;;;;;;;;;;;;
;;;;;;;;;;;;;;;
;;;;;;;;;;;;;;;
;;;;;;;;;;;;;;;
;;;;;;;;;;;;;;;
;;;;;;;;;;;;;;;
;;;;;;;;;;;;;;;
;;;;;;;;;;;;;;;
;;;;;;;;;;;;;;;
;;;;;;;;;;;;;;;
;;;;;;;;;;;;;;;
;;;;;;;;;;;;;;;
;;;;;;;;;;;;;;;
;;;;;;;;;;;;;;;
;;;;;;;;;;;;;;;
;;;;;;;;;;;;;;;
;;;;;;;;;;;;;;;
;;;;;;;;;;;;;;;
;;;;;;;;;;;;;;;
;;;;;;;;;;;;;;;
;;;;;;;;;;;;;;;
;;;;;;;;;;;;;;;
;;;;;;;;;;;;;;;
;;;;;;;;;;;;;;;
;;;;;;;;;;;;;;;
;;;;;;;;;;;;;;;
;;;;;;;;;;;;;;;
;;;;;;;;;;;;;;;
;;;;;;;;;;;;;;;
;;;;;;;;;;;;;;;
;;;;;;;;;;;;;;;
;;;;;;;;;;;;;;;
;;;;;;;;;;;;;;;
;;;;;;;;;;;;;;;
;;;;;;;;;;;;;;;
;;;;;;;;;;;;;;;
;;;;;;;;;;;;;;;
;;;;;;;;;;;;;;;
;;;;;;;;;;;;;;;
;;;;;;;;;;;;;;;
;;;;;;;;;;;;;;;
;;;;;;;;;;;;;;;
;;;;;;;;;;;;;;;
;;;;;;;;;;;;;;;
;;;;;;;;;;;;;;;
;;;;;;;;;;;;;;;
;;;;;;;;;;;;;;;
;;;;;;;;;;;;;;;
;;;;;;;;;;;;;;;
;;;;;;;;;;;;;;;
;;;;;;;;;;;;;;;
;;;;;;;;;;;;;;;
;;;;;;;;;;;;;;;
;;;;;;;;;;;;;;;
;;;;;;;;;;;;;;;
;;;;;;;;;;;;;;;
;;;;;;;;;;;;;;;
;;;;;;;;;;;;;;;
;;;;;;;;;;;;;;;
;;;;;;;;;;;;;;;
;;;;;;;;;;;;;;;
;;;;;;;;;;;;;;;
;;;;;;;;;;;;;;;
;;;;;;;;;;;;;;;
;;;;;;;;;;;;;;;
;;;;;;;;;;;;;;;
;;;;;;;;;;;;;;;
;;;;;;;;;;;;;;;
;;;;;;;;;;;;;;;
;;;;;;;;;;;;;;;
;;;;;;;;;;;;;;;
;;;;;;;;;;;;;;;
;;;;;;;;;;;;;;;
;;;;;;;;;;;;;;;
;;;;;;;;;;;;;;;
;;;;;;;;;;;;;;;
;;;;;;;;;;;;;;;
;;;;;;;;;;;;;;;
;;;;;;;;;;;;;;;
;;;;;;;;;;;;;;;
;;;;;;;;;;;;;;;
;;;;;;;;;;;;;;;
;;;;;;;;;;;;;;;
;;;;;;;;;;;;;;;
;;;;;;;;;;;;;;;
;;;;;;;;;;;;;;;
;;;;;;;;;;;;;;;
;;;;;;;;;;;;;;;
;;;;;;;;;;;;;;;
;;;;;;;;;;;;;;;
;;;;;;;;;;;;;;;
;;;;;;;;;;;;;;;
;;;;;;;;;;;;;;;
;;;;;;;;;;;;;;;
;;;;;;;;;;;;;;;
;;;;;;;;;;;;;;;
;;;;;;;;;;;;;;;
;;;;;;;;;;;;;;;
;;;;;;;;;;;;;;;
;;;;;;;;;;;;;;;
;;;;;;;;;;;;;;;
;;;;;;;;;;;;;;;
;;;;;;;;;;;;;;;
;;;;;;;;;;;;;;;
;;;;;;;;;;;;;;;
;;;;;;;;;;;;;;;
;;;;;;;;;;;;;;;
;;;;;;;;;;;;;;;
;;;;;;;;;;;;;;;
;;;;;;;;;;;;;;;
;;;;;;;;;;;;;;;
;;;;;;;;;;;;;;;
;;;;;;;;;;;;;;;
;;;;;;;;;;;;;;;
;;;;;;;;;;;;;;;
;;;;;;;;;;;;;;;
;;;;;;;;;;;;;;;
;;;;;;;;;;;;;;;
;;;;;;;;;;;;;;;
;;;;;;;;;;;;;;;
;;;;;;;;;;;;;;;
;;;;;;;;;;;;;;;
;;;;;;;;;;;;;;;
;;;;;;;;;;;;;;;
;;;;;;;;;;;;;;;
;;;;;;;;;;;;;;;
;;;;;;;;;;;;;;;
;;;;;;;;;;;;;;;
;;;;;;;;;;;;;;;
;;;;;;;;;;;;;;;
;;;;;;;;;;;;;;;
;;;;;;;;;;;;;;;
;;;;;;;;;;;;;;;
;;;;;;;;;;;;;;;
;;;;;;;;;;;;;;;
;;;;;;;;;;;;;;;
;;;;;;;;;;;;;;;
;;;;;;;;;;;;;;;
;;;;;;;;;;;;;;;
;;;;;;;;;;;;;;;
;;;;;;;;;;;;;;;
;;;;;;;;;;;;;;;
;;;;;;;;;;;;;;;
;;;;;;;;;;;;;;;
;;;;;;;;;;;;;;;
;;;;;;;;;;;;;;;
;;;;;;;;;;;;;;;
;;;;;;;;;;;;;;;
;;;;;;;;;;;;;;;
;;;;;;;;;;;;;;;
;;;;;;;;;;;;;;;
;;;;;;;;;;;;;;;
;;;;;;;;;;;;;;;
;;;;;;;;;;;;;;;
;;;;;;;;;;;;;;;
;;;;;;;;;;;;;;;
;;;;;;;;;;;;;;;
;;;;;;;;;;;;;;;
;;;;;;;;;;;;;;;
;;;;;;;;;;;;;;;
;;;;;;;;;;;;;;;
;;;;;;;;;;;;;;;
;;;;;;;;;;;;;;;
;;;;;;;;;;;;;;;
;;;;;;;;;;;;;;;
;;;;;;;;;;;;;;;
;;;;;;;;;;;;;;;
;;;;;;;;;;;;;;;
;;;;;;;;;;;;;;;
;;;;;;;;;;;;;;;
;;;;;;;;;;;;;;;
;;;;;;;;;;;;;;;
;;;;;;;;;;;;;;;
;;;;;;;;;;;;;;;
;;;;;;;;;;;;;;;
;;;;;;;;;;;;;;;
;;;;;;;;;;;;;;;
;;;;;;;;;;;;;;;
;;;;;;;;;;;;;;;
;;;;;;;;;;;;;;;
;;;;;;;;;;;;;;;
;;;;;;;;;;;;;;;
;;;;;;;;;;;;;;;
;;;;;;;;;;;;;;;
;;;;;;;;;;;;;;;
;;;;;;;;;;;;;;;
;;;;;;;;;;;;;;;
;;;;;;;;;;;;;;;
;;;;;;;;;;;;;;;
;;;;;;;;;;;;;;;
;;;;;;;;;;;;;;;
;;;;;;;;;;;;;;;
;;;;;;;;;;;;;;;
;;;;;;;;;;;;;;;
;;;;;;;;;;;;;;;
;;;;;;;;;;;;;;;
;;;;;;;;;;;;;;;
;;;;;;;;;;;;;;;
;;;;;;;;;;;;;;;
;;;;;;;;;;;;;;;
;;;;;;;;;;;;;;;
;;;;;;;;;;;;;;;
;;;;;;;;;;;;;;;
;;;;;;;;;;;;;;;
;;;;;;;;;;;;;;;
;;;;;;;;;;;;;;;
;;;;;;;;;;;;;;;
;;;;;;;;;;;;;;;
;;;;;;;;;;;;;;;
;;;;;;;;;;;;;;;
;;;;;;;;;;;;;;;
;;;;;;;;;;;;;;;
;;;;;;;;;;;;;;;
;;;;;;;;;;;;;;;
;;;;;;;;;;;;;;;
;;;;;;;;;;;;;;;
;;;;;;;;;;;;;;;
;;;;;;;;;;;;;;;
;;;;;;;;;;;;;;;
;;;;;;;;;;;;;;;
;;;;;;;;;;;;;;;
;;;;;;;;;;;;;;;
;;;;;;;;;;;;;;;
;;;;;;;;;;;;;;;
;;;;;;;;;;;;;;;
;;;;;;;;;;;;;;;
;;;;;;;;;;;;;;;
;;;;;;;;;;;;;;;
;;;;;;;;;;;;;;;
;;;;;;;;;;;;;;;
;;;;;;;;;;;;;;;
;;;;;;;;;;;;;;;
;;;;;;;;;;;;;;;
;;;;;;;;;;;;;;;
;;;;;;;;;;;;;;;
;;;;;;;;;;;;;;;
;;;;;;;;;;;;;;;
;;;;;;;;;;;;;;;
;;;;;;;;;;;;;;;
;;;;;;;;;;;;;;;
;;;;;;;;;;;;;;;
;;;;;;;;;;;;;;;
;;;;;;;;;;;;;;;
;;;;;;;;;;;;;;;
;;;;;;;;;;;;;;;
;;;;;;;;;;;;;;;
;;;;;;;;;;;;;;;
;;;;;;;;;;;;;;;
;;;;;;;;;;;;;;;
;;;;;;;;;;;;;;;
;;;;;;;;;;;;;;;
;;;;;;;;;;;;;;;
;;;;;;;;;;;;;;;
;;;;;;;;;;;;;;;
;;;;;;;;;;;;;;;
;;;;;;;;;;;;;;;
;;;;;;;;;;;;;;;
